,0,1,2,3,4,5,6,7
0,"['11.95', '15.56', '11.93', '13.59', '16.63', '18.99', '18.76', '35.12', '24.96', '22.51', '24.90', '22.60', '20.90', 'PE Ratio']","['3.57', '5.50', '5.32', '4.82', '5.99', '10.51', '11.43', '30.76', '37.46', '44.23', '38.30', '29.74', '22.61', 'PB Ratio']","['44590.00', '49900.00', '69778.00', '53200.00', '51774.00', '64121.00', '58896.00', '73365.00', '92953.00', '111443.00', '97781.00', '112807.00', '122339.00', 'FCF']","['16960.00', '35295.00', '64328.00', '87032.00', '115680.00', '114483.00', '108047.00', '112436.00', '124719.00', '120069.00', '–', '–', '–', 'Total Debt']","['123549.00', '111547.00', '119355.00', '128249.00', '134047.00', '107147.00', '90488.00', '65339.00', '63090.00', '50672.00', '–', '–', '–', ""Sh' Equity""]","['19.34', '18.01', '20.45', '14.93', '13.87', '16.07', '15.69', '17.33', '28.06', '28.36', '27.20', '27.70', '27.30', 'ROA']","['30.64', '33.61', '46.25', '36.90', '36.87', '49.36', '55.92', '73.69', '147.44', '175.46', '170.00', '162.00', '126.00', 'ROE']","['Apple', 'Apple', 'Apple', 'Apple', 'Apple', 'Apple', 'Apple', 'Apple', 'Apple', 'Apple', 'Apple', 'Apple', 'Apple', 'Apple']"
1,"['13.22', '15.68', '30.03', '24.48', '25.25', '46.73', '26.55', '34.97', '33.32', '26.48', '27.60', '23.70', '20.30', 'PE Ratio']","['3.65', '3.85', '4.51', '5.63', '6.09', '9.31', '10.17', '13.09', '14.40', '11.56', '9.27', '7.33', '5.77', 'PB Ratio']","['24576.00', '27017.00', '23724.00', '24982.00', '31378.00', '32252.00', '38260.00', '45234.00', '56118.00', '65149.00', '61605.00', '74539.00', '88977.00', 'FCF']","['15600.00', '22645.00', '35292.00', '53461.00', '86194.00', '87508.00', '86455.00', '82110.00', '82278.00', '78400.00', '–', '–', '–', 'Total Debt']","['78944.00', '89784.00', '80083.00', '71997.00', '87711.00', '82718.00', '102330.00', '118304.00', '141988.00', '166542.00', '–', '–', '–', ""Sh' Equity""]","['16.58', '14.02', '7.03', '11.16', '11.49', '6.51', '14.39', '15.06', '19.30', '20.82', '17.70', '17.50', '17.40', 'ROA']","['30.09', '26.17', '14.36', '27.01', '31.92', '19.45', '42.41', '40.14', '47.08', '47.15', '36.20', '33.50', '31.90', 'ROE']","['Microsoft', 'Microsoft', 'Microsoft', 'Microsoft', 'Microsoft', 'Microsoft', 'Microsoft', 'Microsoft', 'Microsoft', 'Microsoft', 'Microsoft', 'Microsoft', 'Microsoft', 'Microsoft']"
2,"['14.41', '24.65', '32.68', '27.86', '58.45', '23.42', '26.96', '29.56', '25.40', '19.52', '–', '–', '–', 'PE Ratio']","['4.26', '3.42', '4.32', '3.89', '4.84', '4.05', '4.60', '5.36', '7.68', '4.57', '–', '–', '–', 'PB Ratio']","['11301.00', '12065.00', '16657.00', '26064.00', '23907.00', '22832.00', '30972.00', '42843.00', '67012.00', '60010.00', '–', '–', '–', 'FCF']","['2236.00', '3228.00', '1995.00', '3935.00', '3969.00', '4012.00', '5753.00', '16726.00', '17119.00', '14701.00', '–', '–', '–', 'Total Debt']","['87309.00', '103860.00', '120331.00', '139036.00', '152502.00', '177628.00', '201442.00', '222544.00', '251635.00', '256144.00', '–', '–', '–', ""Sh' Equity""]","['12.44', '11.77', '11.44', '12.37', '6.94', '14.29', '13.50', '13.52', '22.40', '16.55', '–', '–', '–', 'ROA']","['16.01', '14.79', '14.12', '15.02', '8.69', '18.62', '18.12', '19.00', '32.07', '23.62', '–', '–', '–', 'ROE']","['Alphabet (Google)', 'Alphabet (Google)', 'Alphabet (Google)', 'Alphabet (Google)', 'Alphabet (Google)', 'Alphabet (Google)', 'Alphabet (Google)', 'Alphabet (Google)', 'Alphabet (Google)', 'Alphabet (Google)', 'Alphabet (Google)', 'Alphabet (Google)', 'Alphabet (Google)', 'Alphabet (Google)']"
3,"['675.93', '0.00', '527.97', '150.72', '188.43', '72.70', '78.80', '76.46', '50.57', '0.00', '69.60', '36.80', '27.20', 'PE Ratio']","['18.70', '13.35', '23.58', '18.52', '20.60', '16.80', '14.71', '17.44', '12.20', '5.99', '5.35', '4.15', '3.31', 'PB Ratio']","['2031.00', '1949.00', '7450.00', '10466.00', '8307.00', '19400.00', '25825.00', '31020.00', '(9069.00)', '(11569.00)', '19782.00', '36614.00', '56848.00', 'FCF']","['3191.00', '8265.00', '8227.00', '12891.00', '30925.00', '32997.00', '37744.00', '47931.00', '64667.00', '67150.00', '–', '–', '–', 'Total Debt']","['9746.00', '10741.00', '13384.00', '19285.00', '27709.00', '43549.00', '62060.00', '93404.00', '138245.00', '146043.00', '–', '–', '–', ""Sh' Equity""]","['0.75', '(0.51)', '1.00', '3.20', '2.83', '6.85', '5.97', '7.81', '9.00', '(0.62)', '3.90', '5.58', '5.91', 'ROA']","['3.05', '(2.35)', '4.94', '14.52', '12.91', '28.27', '21.95', '27.44', '28.81', '(1.91)', '10.80', '13.30', '15.00', 'ROE']","['Amazon', 'Amazon', 'Amazon', 'Amazon', 'Amazon', 'Amazon', 'Amazon', 'Amazon', 'Amazon', 'Amazon', 'Amazon', 'Amazon', 'Amazon', 'Amazon']"
4,"['0.00', '0.00', '0.00', '0.00', '0.00', '0.00', '0.00', '966.79', '190.42', '26.87', '56.80', '37.30', '29.30', 'PE Ratio']","['26.93', '30.39', '28.39', '5.65', '10.17', '9.86', '9.94', '28.52', '33.61', '7.44', '11.74', '8.94', '7.06', 'PB Ratio']","['0.58', '(1027.22)', '(2159.35)', '(1404.63)', '(3476.00)', '(3.00)', '1073.00', '2776.00', '3787.00', '8493.00', '10738.00', '15970.00', '20034.00', 'FCF']","['598.97', '2488.08', '2696.30', '7029.27', '10314.94', '13827.00', '14697.00', '13347.00', '8873.00', '5748.00', '–', '–', '–', 'Total Debt']","['667.12', '911.71', '1083.70', '5538.09', '5234.59', '4923.00', '6618.00', '22225.00', '30189.00', '44704.00', '–', '–', '–', ""Sh' Equity""]","['(4.19)', '(7.13)', '(12.79)', '(4.39)', '(7.65)', '(3.34)', '(2.69)', '1.60', '9.67', '17.42', '12.80', '16.00', '15.00', 'ROA']","['(18.69)', '(37.25)', '(89.07)', '(20.38)', '(36.43)', '(19.22)', '(14.94)', '4.78', '21.08', '33.60', '25.10', '27.40', '25.20', 'ROE']","['Tesla', 'Tesla', 'Tesla', 'Tesla', 'Tesla', 'Tesla', 'Tesla', 'Tesla', 'Tesla', 'Tesla', 'Tesla', 'Tesla', 'Tesla', 'Tesla']"
5,"['20.96', '17.23', '26.18', '36.16', '48.48', '21.11', '51.62', '75.53', '63.27', '83.14', '73.40', '53.10', '–', 'PE Ratio']","['2.07', '2.45', '3.56', '10.25', '19.71', '9.36', '11.81', '19.33', '23.04', '22.55', '21.94', '18.09', '–', 'PB Ratio']","['605.00', '805.00', '1096.00', '1503.00', '2911.00', '3143.00', '4272.00', '4694.00', '8132.00', '3808.00', '10595.00', '13680.00', '–', 'FCF']","['1373.88', '1398.00', '1510.00', '2810.00', '2000.00', '1988.00', '2082.00', '7084.00', '10946.00', '9703.00', '–', '–', '–', 'Total Debt']","['4456.40', '4418.00', '4469.00', '5762.00', '7471.00', '9342.00', '12204.00', '16893.00', '26612.00', '22101.00', '–', '–', '–', ""Sh' Equity""]","['6.44', '8.73', '8.43', '19.36', '28.91', '33.76', '18.27', '18.79', '26.73', '10.23', '24.60', '29.00', '–', 'ROA']","['9.48', '14.22', '13.82', '32.57', '46.05', '49.26', '25.95', '29.78', '44.83', '0.00', '44.10', '54.00', '–', 'ROE']","['NVIDIA', 'NVIDIA', 'NVIDIA', 'NVIDIA', 'NVIDIA', 'NVIDIA', 'NVIDIA', 'NVIDIA', 'NVIDIA', 'NVIDIA', 'NVIDIA', 'NVIDIA', 'NVIDIA', 'NVIDIA']"
6,"['23.62', '24.72', '27.05', '33.48', '37.39', '34.04', '32.33', '40.89', '39.56', '25.38', '24.60', '20.80', '–', 'PE Ratio']","['4.18', '4.41', '5.18', '6.60', '8.15', '10.83', '11.77', '12.55', '12.56', '10.18', '9.81', '8.71', '–', 'PB Ratio']","['2551.00', '6652.00', '6180.00', '5051.00', '8622.00', '12223.00', '12028.00', '9704.00', '14522.00', '17879.00', '18007.00', '20660.00', '–', 'FCF']","['–', '–', '–', '15882.00', '18367.00', '16630.00', '16729.00', '24070.00', '20977.00', '22450.00', '–', '–', '–', 'Total Debt']","['26870.00', '27413.00', '29842.00', '32912.00', '32760.00', '34006.00', '34684.00', '36210.00', '37589.00', '35581.00', '–', '–', '–', ""Sh' Equity""]","['13.11', '14.59', '16.24', '11.59', '10.15', '15.02', '17.04', '14.16', '15.03', '17.76', '19.90', '21.20', '–', 'ROA']","['18.28', '20.04', '22.10', '21.01', '24.62', '36.94', '41.83', '36.01', '37.51', '44.14', '45.40', '48.20', '–', 'ROE']","['Visa', 'Visa', 'Visa', 'Visa', 'Visa', 'Visa', 'Visa', 'Visa', 'Visa', 'Visa', 'Visa', 'Visa', 'Visa', 'Visa']"
7,"['13.69', '17.74', '19.57', '21.61', '20.65', '20.44', '20.52', '21.88', '27.77', '24.48', '22.20', '19.50', '–', 'PE Ratio']","['2.36', '3.03', '3.32', '4.03', '4.28', '4.42', '4.63', '4.87', '6.31', '5.95', '5.25', '4.57', '–', 'PB Ratio']","['5684.00', '6526.00', '8184.00', '8090.00', '11573.00', '13650.00', '16392.00', '20123.00', '19889.00', '23404.00', '23568.00', '27724.00', '–', 'FCF']","['14891.00', '16007.00', '25331.00', '25777.00', '28835.00', '38457.00', '39963.00', '43095.00', '45786.00', '54513.00', '–', '–', '–', 'Total Debt']","['32149.00', '32454.00', '33725.00', '38177.00', '49833.00', '51696.00', '57616.00', '65491.00', '71760.00', '81450.00', '–', '–', '–', ""Sh' Equity""]","['6.91', '6.68', '5.88', '6.00', '8.06', '8.17', '8.36', '8.16', '8.30', '8.72', '9.60', '10.10', '–', 'ROA']","['17.76', '17.40', '17.57', '19.52', '23.99', '23.61', '25.32', '25.02', '25.19', '26.26', '26.90', '26.80', '–', 'ROE']","['UnitedHealth', 'UnitedHealth', 'UnitedHealth', 'UnitedHealth', 'UnitedHealth', 'UnitedHealth', 'UnitedHealth', 'UnitedHealth', 'UnitedHealth', 'UnitedHealth', 'UnitedHealth', 'UnitedHealth', 'UnitedHealth', 'UnitedHealth']"
8,"['13.73', '12.16', '20.25', '48.35', '18.37', '13.97', '20.77', '0.00', '11.35', '8.03', '10.30', '11.00', '–', 'PE Ratio']","['2.48', '2.19', '1.85', '2.18', '1.86', '1.47', '1.50', '1.07', '1.49', '2.17', '2.16', '2.02', '–', 'PB Ratio']","['11245.00', '12164.00', '3854.00', '5919.00', '14664.00', '16440.00', '5355.00', '(1615.00)', '39229.00', '63637.00', '43244.00', '37965.00', '–', 'FCF']","['6891.00', '11653.00', '19925.00', '42762.00', '42336.00', '37796.00', '48146.00', '68812.00', '49075.00', '41193.00', '–', '–', '–', 'Total Debt']","['180495.00', '181064.00', '176810.00', '173830.00', '194500.00', '198528.00', '198938.00', '164130.00', '175683.00', '202473.00', '–', '–', '–', ""Sh' Equity""]","['9.57', '9.34', '4.71', '2.35', '5.81', '6.00', '4.05', '(6.45)', '6.86', '15.75', '10.50', '8.67', '–', 'ROA']","['18.50', '17.99', '9.03', '4.47', '10.70', '10.60', '7.22', '(12.36)', '13.56', '29.48', '21.10', '17.30', '–', 'ROE']","['Exxon Mobil', 'Exxon Mobil', 'Exxon Mobil', 'Exxon Mobil', 'Exxon Mobil', 'Exxon Mobil', 'Exxon Mobil', 'Exxon Mobil', 'Exxon Mobil', 'Exxon Mobil', 'Exxon Mobil', 'Exxon Mobil', 'Exxon Mobil', 'Exxon Mobil']"
9,"['32.50', '27.70', '29.06', '28.56', '41.62', '33.57', '37.42', '55.86', '40.83', '33.83', '26.60', '–', '–', 'PE Ratio']","['13.50', '14.71', '18.21', '20.36', '29.49', '36.25', '51.32', '55.13', '48.08', '52.82', '29.24', '–', '–', 'PB Ratio']","['3836.00', '3073.00', '3759.00', '4255.00', '5241.00', '5719.00', '7455.00', '6516.00', '8649.00', '10098.00', '12075.00', '–', '–', 'FCF']","['–', '1494.00', '3268.00', '5180.00', '5424.00', '6334.00', '8633.00', '12672.00', '13901.00', '14023.00', '–', '–', '–', 'Total Debt']","['7495.00', '6824.00', '6062.00', '5684.00', '5497.00', '5418.00', '5917.00', '6488.00', '7383.00', '6356.00', '–', '–', '–', ""Sh' Equity""]","['23.34', '24.46', '24.12', '23.24', '19.57', '25.37', '30.01', '20.41', '24.38', '26.00', '30.60', '–', '–', 'ROA']","['43.21', '50.52', '59.10', '69.11', '70.03', '107.36', '143.24', '103.36', '125.25', '144.55', '153.00', '–', '–', 'ROE']","['Mastercard', 'Mastercard', 'Mastercard', 'Mastercard', 'Mastercard', 'Mastercard', 'Mastercard', 'Mastercard', 'Mastercard', 'Mastercard', 'Mastercard', 'Mastercard', 'Mastercard', 'Mastercard']"
10,"['19.31', '18.98', '31.30', '22.28', '15.03', '20.83', '75.68', '23.31', '23.76', '24.17', '23.90', '22.10', '20.40', 'PE Ratio']","['3.28', '3.10', '3.87', '4.01', '4.13', '3.81', '5.93', '6.47', '7.27', '7.53', '7.33', '7.14', '6.80', 'PB Ratio']","['11449.00', '10687.00', '15370.00', '12553.00', '9940.00', '11419.00', '12289.00', '14360.00', '15626.00', '13677.00', '13422.00', '15098.00', '16255.00', 'FCF']","['31543.00', '35417.00', '30345.00', '30598.00', '31592.00', '31286.00', '30092.00', '35611.00', '32838.00', '32293.00', '–', '–', '–', 'Total Debt']","['68709.00', '69976.00', '63050.00', '57983.00', '55778.00', '52293.00', '47194.00', '46521.00', '46378.00', '46589.00', '–', '–', '–', ""Sh' Equity""]","['8.15', '8.03', '4.95', '7.99', '12.18', '7.95', '3.11', '10.83', '11.70', '12.23', '12.30', '12.60', '13.60', 'ROA']","['16.97', '16.70', '10.36', '17.24', '26.99', '17.88', '7.45', '27.78', '30.80', '31.69', '31.30', '34.60', '36.00', 'ROE']","['Procter & Gamble', 'Procter & Gamble', 'Procter & Gamble', 'Procter & Gamble', 'Procter & Gamble', 'Procter & Gamble', 'Procter & Gamble', 'Procter & Gamble', 'Procter & Gamble', 'Procter & Gamble', 'Procter & Gamble', 'Procter & Gamble', 'Procter & Gamble', 'Procter & Gamble']"
11,"['11.17', '10.99', '36.57', '0.00', '26.14', '13.93', '77.75', '0.00', '14.40', '9.48', '10.40', '10.90', '–', 'PE Ratio']","['1.59', '1.35', '1.09', '1.50', '1.61', '1.33', '1.56', '1.19', '1.61', '2.08', '1.87', '1.76', '–', 'PB Ratio']","['(2983.00)', '(3932.00)', '(10048.00)', '(5419.00)', '6934.00', '16826.00', '13198.00', '1655.00', '21131.00', '37600.00', '30335.00', '27846.00', '–', 'FCF']","['20431.00', '27818.00', '38549.00', '46126.00', '38763.00', '34459.00', '26973.00', '44315.00', '31369.00', '–', '–', '–', '–', 'Total Debt']","['150427.00', '156191.00', '153886.00', '146722.00', '149319.00', '155642.00', '145208.00', '132726.00', '139940.00', '–', '–', '–', '–', ""Sh' Equity""]","['8.80', '7.40', '1.73', '(0.19)', '3.58', '5.84', '1.19', '(2.32)', '6.52', '29.61', '9.89', '9.09', '–', 'ROA']","['14.86', '12.55', '2.96', '(0.33)', '6.21', '9.72', '1.94', '(3.99)', '11.46', '0.00', '17.70', '15.80', '–', 'ROE']","['Chevron', 'Chevron', 'Chevron', 'Chevron', 'Chevron', 'Chevron', 'Chevron', 'Chevron', 'Chevron', 'Chevron', 'Chevron', 'Chevron', 'Chevron', 'Chevron']"
12,"['11.83', '30.94', '37.28', '28.91', '0.00', '36.97', '14.97', '24.83', '44.99', '52.90', '41.00', '29.00', '21.70', 'PE Ratio']","['3.12', '4.80', '6.13', '5.61', '7.64', '10.90', '45.34', '26.31', '27.40', '32.35', '22.47', '16.73', '11.59', 'PB Ratio']","['4878.20', '3002.80', '2401.00', '3887.40', '4538.80', '4313.90', '3802.70', '5111.70', '5950.90', '5230.10', '5747.00', '8520.00', '10880.00', 'FCF']","['4200.30', '5332.80', '7972.40', '10304.80', '13647.50', '10298.00', '15926.00', '16596.00', '16884.00', '14737.50', '–', '–', '–', 'Total Debt']","['17640.70', '15388.10', '14590.30', '14080.50', '11667.90', '9829.00', '2607.00', '5642.00', '8979.00', '10775.40', '–', '–', '–', ""Sh' Equity""]","['13.45', '6.68', '6.70', '7.36', '(0.49)', '7.09', '11.15', '14.42', '11.70', '12.71', '15.20', '21.40', '27.80', 'ROA']","['28.91', '14.48', '16.07', '19.10', '(1.59)', '29.32', '74.59', '150.18', '76.36', '63.23', '67.80', '76.00', '72.40', 'ROE']","['Eli Lilly', 'Eli Lilly', 'Eli Lilly', 'Eli Lilly', 'Eli Lilly', 'Eli Lilly', 'Eli Lilly', 'Eli Lilly', 'Eli Lilly', 'Eli Lilly', 'Eli Lilly', 'Eli Lilly', 'Eli Lilly', 'Eli Lilly']"
13,"['32.71', '13.22', '32.31', '28.28', '57.69', '31.43', '22.78', '28.18', '14.88', '19.46', '17.50', '13.90', '–', 'PE Ratio']","['2.70', '3.21', '3.17', '3.94', '4.24', '7.23', '8.56', '7.77', '5.06', '6.33', '5.39', '4.44', '–', 'PB Ratio']","['10106.00', '5672.00', '11255.00', '8762.00', '4563.00', '8307.00', '5515.00', '3188.00', '8674.00', '–', '18422.34', '20713.83', '–', 'FCF']","['20539.00', '18699.00', '23829.00', '24842.00', '24410.00', '25114.00', '26582.00', '32082.00', '33406.00', '–', '–', '–', '–', 'Total Debt']","['52326.00', '48791.00', '44767.00', '40308.00', '34569.00', '26882.00', '26001.00', '25404.00', '38257.00', '–', '–', '–', '–', ""Sh' Equity""]","['4.16', '11.70', '4.45', '3.98', '2.61', '7.30', '11.79', '8.03', '13.23', '27.47', '15.40', '17.20', '–', 'ROA']","['8.17', '23.58', '9.50', '9.22', '6.39', '20.24', '37.23', '27.50', '41.00', '0.00', '35.80', '36.20', '–', 'ROE']","['Merck', 'Merck', 'Merck', 'Merck', 'Merck', 'Merck', 'Merck', 'Merck', 'Merck', 'Merck', 'Merck', 'Merck', 'Merck', 'Merck']"
14,"['20.63', '60.04', '18.99', '17.19', '29.91', '25.75', '16.77', '37.47', '20.99', '24.57', '22.30', '21.80', '19.00', 'PE Ratio']","['18.68', '59.92', '24.40', '21.84', '30.81', '0.00', '0.00', '13.64', '15.53', '17.94', '15.05', '15.72', '13.95', 'PB Ratio']","['5776.00', '2937.00', '7003.00', '6562.00', '9431.00', '12789.00', '12772.00', '16790.00', '21990.00', '24248.00', '19929.00', '20340.00', '22853.00', 'FCF']","['14723.00', '14977.00', '31671.00', '36842.00', '37368.00', '40310.00', '66728.00', '86056.00', '76684.00', '63271.00', '–', '–', '–', 'Total Debt']","['4492.00', '1742.00', '3945.00', '4636.00', '5097.00', '(8446.00)', '(8172.00)', '13097.00', '15436.00', '17287.00', '–', '–', '–', ""Sh' Equity""]","['14.69', '6.26', '12.77', '9.99', '7.76', '8.74', '10.62', '3.85', '7.77', '8.30', '11.20', '11.90', '10.20', 'ROA']","['105.11', '56.91', '180.90', '138.75', '109.09', '(339.62)', '(94.86)', '187.45', '80.90', '72.34', '100.00', '90.60', '83.40', 'ROE']","['AbbVie', 'AbbVie', 'AbbVie', 'AbbVie', 'AbbVie', 'AbbVie', 'AbbVie', 'AbbVie', 'AbbVie', 'AbbVie', 'AbbVie', 'AbbVie', 'AbbVie', 'AbbVie']"
15,"['21.40', '26.39', '25.72', '27.87', '162.64', '31.57', '26.48', '30.47', '26.20', '28.61', '23.10', '21.60', '20.10', 'PE Ratio']","['5.48', '6.06', '7.26', '7.77', '10.25', '10.58', '11.22', '11.07', '10.28', '10.54', '9.57', '8.38', '7.31', 'PB Ratio']","['8103.00', '8432.00', '8060.00', '6680.00', '5399.00', '6327.00', '9395.00', '8856.00', '11366.00', '9609.00', '9939.00', '11239.00', '11840.00', 'FCF']","['20178.00', '22615.00', '30987.00', '33211.00', '34480.00', '30379.00', '31769.00', '40610.00', '39454.00', '36776.00', '–', '–', '–', 'Total Debt']","['33440.00', '30561.00', '25764.00', '23220.00', '18977.00', '19058.00', '21098.00', '21284.00', '24860.00', '25826.00', '–', '–', '–', ""Sh' Equity""]","['9.74', '7.80', '8.08', '7.36', '1.42', '7.52', '10.52', '8.92', '10.76', '10.20', '12.00', '12.80', '12.90', 'ROA']","['25.77', '22.18', '26.10', '26.65', '5.92', '33.83', '44.43', '36.56', '42.35', '37.65', '44.60', '46.60', '42.20', 'ROE']","['Coca-Cola', 'Coca-Cola', 'Coca-Cola', 'Coca-Cola', 'Coca-Cola', 'Coca-Cola', 'Coca-Cola', 'Coca-Cola', 'Coca-Cola', 'Coca-Cola', 'Coca-Cola', 'Coca-Cola', 'Coca-Cola', 'Coca-Cola']"
16,"['23.93', '25.92', '25.89', '30.24', '25.70', '32.61', '35.10', '38.42', '39.89', '39.46', '34.00', '30.80', '27.60', 'PE Ratio']","['4.43', '4.26', '5.68', '5.76', '6.20', '7.80', '8.24', '8.22', '11.16', '11.22', '8.95', '7.21', '6.14', 'PB Ratio']","['1354.00', '1991.00', '1892.00', '643.00', '4224.00', '2805.00', '3358.00', '6051.00', '5370.00', '3501.00', '6302.00', '6696.00', '7982.00', 'FCF']","['4998.00', '5093.00', '6135.00', '5161.00', '6666.00', '6577.00', '6823.00', '7609.00', '7491.00', '6557.00', '–', '–', '–', 'Total Debt']","['11012.00', '12515.00', '10843.00', '12332.00', '11079.00', '13103.00', '15584.00', '18705.00', '18078.00', '20647.00', '–', '–', '–', ""Sh' Equity""]","['7.10', '6.50', '7.20', '7.10', '7.71', '8.12', '8.49', '7.93', '8.72', '9.47', '9.26', '9.43', '9.54', 'ROA']","['17.33', '17.49', '20.35', '20.28', '22.89', '25.92', '25.51', '23.34', '27.22', '30.18', '28.10', '26.00', '24.00', 'ROE']","['Costco', 'Costco', 'Costco', 'Costco', 'Costco', 'Costco', 'Costco', 'Costco', 'Costco', 'Costco', 'Costco', 'Costco', 'Costco', 'Costco']"
17,"['31.45', '26.32', '28.66', '28.01', '34.16', '30.66', '35.16', '28.95', '34.03', '31.15', '29.90', '25.10', '–', 'PE Ratio']","['2.38', '2.43', '2.65', '2.63', '3.00', '3.26', '4.38', '5.34', '6.43', '4.91', '4.48', '4.21', '–', 'PB Ratio']","['1749.00', '2241.30', '2537.00', '2840.00', '3504.00', '3835.00', '4083.00', '6823.00', '6809.00', '6935.00', '6983.00', '9325.00', '–', 'FCF']","['9499.60', '12351.60', '11420.20', '16628.00', '21008.00', '18990.00', '17919.00', '21919.00', '35136.00', '34488.00', '–', '–', '–', 'Total Debt']","['16856.10', '20548.10', '21350.20', '21540.00', '25413.00', '27586.00', '29675.00', '34517.00', '40855.00', '44032.00', '–', '–', '–', ""Sh' Equity""]","['4.29', '5.07', '4.72', '4.66', '4.34', '5.20', '6.45', '10.01', '9.41', '7.22', '9.70', '10.50', '–', 'ROA']","['7.88', '10.13', '9.43', '9.43', '9.48', '11.09', '12.91', '19.86', '20.50', '16.37', '19.90', '21.80', '–', 'ROE']","['Thermo Fisher Scientific', 'Thermo Fisher Scientific', 'Thermo Fisher Scientific', 'Thermo Fisher Scientific', 'Thermo Fisher Scientific', 'Thermo Fisher Scientific', 'Thermo Fisher Scientific', 'Thermo Fisher Scientific', 'Thermo Fisher Scientific', 'Thermo Fisher Scientific', 'Thermo Fisher Scientific', 'Thermo Fisher Scientific', 'Thermo Fisher Scientific', 'Thermo Fisher Scientific']"
18,"['17.45', '19.40', '24.56', '22.07', '27.24', '23.55', '25.08', '34.01', '26.70', '31.66', '25.20', '22.80', '–', 'PE Ratio']","['6.05', '7.15', '15.66', '0.00', '0.00', '0.00', '0.00', '0.00', '0.00', '0.00', '(27.99)', '(29.41)', '–', 'PB Ratio']","['4296.00', '4233.70', '4938.30', '4321.40', '3864.30', '4385.40', '5879.60', '4651.80', '7207.70', '5487.50', '7624.00', '8369.00', '–', 'FCF']","['14129.80', '14935.70', '24122.10', '25955.70', '29536.40', '31075.30', '34177.20', '37440.40', '36328.70', '35903.50', '–', '–', '–', 'Total Debt']","['16009.70', '12853.40', '7087.90', '(2204.30)', '(3268.00)', '(6258.40)', '(8210.30)', '(7824.90)', '(4601.00)', '(6003.40)', '–', '–', '–', ""Sh' Equity""]","['15.51', '13.43', '12.55', '13.59', '16.02', '17.79', '15.00', '9.45', '14.17', '11.85', '15.70', '16.60', '–', 'ROA']","['35.69', '32.97', '45.43', '191.93', '(189.77)', '(124.37)', '(83.28)', '(59.01)', '(121.44)', '(116.50)', '0.00', '180.00', '–', 'ROE']","['McDonald', 'McDonald', 'McDonald', 'McDonald', 'McDonald', 'McDonald', 'McDonald', 'McDonald', 'McDonald', 'McDonald', 'McDonald', 'McDonald', 'McDonald', 'McDonald']"
19,"['18.86', '20.66', '20.69', '16.15', '17.46', '13.84', '18.64', '0.00', '153.79', '54.53', '30.70', '21.20', '16.70', 'PE Ratio']","['2.39', '3.17', '3.56', '3.20', '3.48', '3.30', '2.30', '2.54', '3.30', '1.74', '1.83', '1.72', '1.60', 'PB Ratio']","['6656.00', '6469.00', '7120.00', '8363.00', '8720.00', '9830.00', '1108.00', '3594.00', '1988.00', '1059.00', '4373.00', '6899.00', '9468.00', 'FCF']","['14288.00', '14795.00', '17336.00', '20170.00', '25291.00', '20874.00', '46986.00', '58628.00', '54406.00', '48369.00', '–', '–', '–', 'Total Debt']","['48150.00', '48178.00', '48655.00', '47323.00', '45004.00', '52832.00', '93889.00', '88263.00', '93011.00', '98879.00', '–', '–', '–', ""Sh' Equity""]","['7.86', '9.07', '9.73', '10.42', '9.56', '12.96', '7.56', '(1.45)', '0.98', '1.54', '4.66', '5.47', '6.39', 'ROA']","['13.62', '15.57', '17.31', '19.57', '19.45', '25.75', '15.07', '(3.14)', '2.20', '3.28', '7.57', '9.32', '10.80', 'ROE']","['Walt Disney', 'Walt Disney', 'Walt Disney', 'Walt Disney', 'Walt Disney', 'Walt Disney', 'Walt Disney', 'Walt Disney', 'Walt Disney', 'Walt Disney', 'Walt Disney', 'Walt Disney', 'Walt Disney', 'Walt Disney']"
20,"['22.22', '25.07', '26.78', '24.99', '20.70', '60.34', '30.13', '61.83', '36.85', '31.19', '38.10', '29.90', '24.80', 'PE Ratio']","['4.99', '6.26', '6.90', '7.65', '7.08', '11.88', '13.48', '19.26', '16.57', '12.28', '13.11', '12.32', '11.01', 'PB Ratio']","['2448.00', '2136.00', '3720.00', '2266.00', '2754.00', '3927.00', '4784.00', '1399.00', '5962.00', '4430.00', '4170.00', '5759.00', '6739.00', 'FCF']","['1267.00', '1206.00', '1186.00', '2037.00', '3477.00', '3474.00', '3470.00', '9409.00', '9882.00', '9420.00', '–', '–', '–', 'Total Debt']","['11081.00', '10824.00', '12707.00', '12258.00', '12407.00', '9812.00', '9040.00', '8055.00', '12767.00', '15281.00', '–', '–', '–', ""Sh' Equity""]","['14.98', '14.90', '16.29', '17.50', '19.00', '8.44', '17.42', '9.22', '16.58', '15.49', '12.20', '15.00', '16.60', 'ROA']","['23.04', '24.59', '27.82', '30.12', '34.38', '17.40', '42.74', '29.70', '55.01', '43.11', '32.30', '39.60', '44.80', 'ROE']","['Nike', 'Nike', 'Nike', 'Nike', 'Nike', 'Nike', 'Nike', 'Nike', 'Nike', 'Nike', 'Nike', 'Nike', 'Nike', 'Nike']"
21,"['15.09', '17.56', '14.58', '21.29', '25.82', '27.28', '37.43', '44.70', '37.52', '26.79', '29.90', '26.30', '23.10', 'PE Ratio']","['1.82', '1.95', '2.07', '2.36', '2.44', '2.56', '3.83', '4.30', '5.61', '3.95', '3.33', '3.02', '2.79', 'PB Ratio']","['3047.20', '3293.00', '3349.30', '2942.00', '2939.60', '3444.00', '3329.00', '5419.00', '7077.00', '7376.00', '8004.00', '8548.00', '9199.00', 'FCF']","['3436.70', '3401.50', '12025.20', '12269.20', '10522.40', '9741.00', '22526.00', '22178.00', '23272.00', '19677.00', '–', '–', '–', 'Total Debt']","['22451.40', '23449.80', '23764.00', '23076.80', '26367.80', '28214.00', '30271.00', '39766.00', '45167.00', '50082.00', '–', '–', '–', ""Sh' Equity""]","['7.97', '7.25', '7.88', '5.46', '5.42', '5.61', '5.35', '5.08', '7.87', '8.48', '8.58', '8.99', '9.48', 'ROA']","['12.98', '11.32', '14.22', '10.90', '10.08', '9.71', '10.34', '10.77', '15.99', '15.73', '13.80', '13.40', '13.60', 'ROE']","['Danaher', 'Danaher', 'Danaher', 'Danaher', 'Danaher', 'Danaher', 'Danaher', 'Danaher', 'Danaher', 'Danaher', 'Danaher', 'Danaher', 'Danaher', 'Danaher']"
22,"['11.49', '13.15', '12.91', '13.90', '14.86', '10.31', '13.25', '73.61', '9.58', '13.14', '11.30', '–', '–', 'PE Ratio']","['1.55', '1.73', '1.63', '1.61', '1.66', '1.27', '1.42', '0.76', '1.15', '0.98', '0.98', '–', '–', 'PB Ratio']","['58048.00', '17529.00', '15904.00', '1008.00', '18619.00', '36073.00', '6730.00', '2051.00', '(11525.00)', '27048.00', '0.00', '–', '–', 'FCF']","['152998.00', '183943.00', '199536.00', '381403.00', '368102.00', '381378.00', '373355.00', '271949.00', '211817.00', '226015.00', '–', '–', '–', 'Total Debt']","['171008.00', '185262.00', '193891.00', '200497.00', '208079.00', '197066.00', '187984.00', '185712.00', '190110.00', '181875.00', '–', '–', '–', ""Sh' Equity""]","['1.42', '1.36', '1.24', '1.10', '1.06', '1.08', '0.95', '0.09', '1.04', '0.63', '0.77', '–', '–', 'ROA']","['13.89', '13.60', '12.71', '11.72', '11.46', '11.60', '10.64', '1.08', '12.11', '7.26', '9.13', '–', '–', 'ROE']","['Wells Fargo', 'Wells Fargo', 'Wells Fargo', 'Wells Fargo', 'Wells Fargo', 'Wells Fargo', 'Wells Fargo', 'Wells Fargo', 'Wells Fargo', 'Wells Fargo', 'Wells Fargo', 'Wells Fargo', 'Wells Fargo', 'Wells Fargo']"
23,"['0.00', '86.90', '46.57', '33.91', '11.90', '18.76', '19.32', '47.99', '47.93', '67.17', '21.00', '15.10', '11.40', 'PE Ratio']","['1.59', '1.39', '1.92', '2.63', '2.36', '2.19', '2.33', '2.36', '2.09', '2.49', '2.63', '2.64', '2.60', 'PB Ratio']","['(861.00)', '(3071.00)', '(1245.00)', '(5891.00)', '(7234.00)', '(1769.00)', '(534.00)', '(3727.00)', '(7775.00)', '(520.00)', '13501.00', '16496.00', '17610.00', 'FCF']","['22441.00', '24394.00', '28719.00', '30407.00', '30909.00', '30104.00', '31795.00', '80528.00', '82999.00', '72100.00', '–', '–', '–', 'Total Debt']","['14245.00', '15663.00', '16557.00', '18236.00', '22559.00', '24718.00', '28789.00', '65344.00', '69102.00', '69656.00', '–', '–', '–', ""Sh' Equity""]","['0.08', '0.46', '1.14', '2.19', '6.57', '4.04', '4.35', '2.13', '1.49', '1.24', '4.01', '5.31', '5.99', 'ROA']","['0.34', '1.65', '4.21', '8.08', '21.97', '12.22', '12.96', '6.51', '4.50', '3.73', '12.60', '17.90', '23.40', 'ROE']","['T-Mobile US', 'T-Mobile US', 'T-Mobile US', 'T-Mobile US', 'T-Mobile US', 'T-Mobile US', 'T-Mobile US', 'T-Mobile US', 'T-Mobile US', 'T-Mobile US', 'T-Mobile US', 'T-Mobile US', 'T-Mobile US', 'T-Mobile US']"
24,"['23.66', '30.21', '15.38', '41.99', '226.12', '54.38', '42.17', '43.80', '35.72', '28.03', '30.50', '26.50', '23.20', 'PE Ratio']","['2.36', '3.15', '3.15', '2.78', '3.29', '4.14', '4.91', '5.88', '6.93', '5.35', '4.36', '4.01', '4.70', 'PB Ratio']","['2179.00', '2598.00', '1856.00', '2082.00', '4435.00', '4906.00', '4498.00', '5724.00', '8648.00', '7804.00', '8573.00', '8988.00', '9508.00', 'FCF']","['3397.00', '3448.00', '5874.00', '20684.00', '27718.00', '19366.00', '17938.00', '18534.00', '18050.00', '16773.00', '–', '–', '–', 'Total Debt']","['25267.00', '21639.00', '21326.00', '20717.00', '31098.00', '30722.00', '31301.00', '33003.00', '36024.00', '36905.00', '–', '–', '–', ""Sh' Equity""]","['4.68', '5.43', '10.73', '2.98', '0.74', '3.30', '5.46', '6.40', '9.57', '9.27', '8.70', '9.50', '10.80', 'ROA']","['9.89', '9.74', '20.59', '6.66', '1.84', '7.66', '11.89', '13.98', '20.49', '19.01', '19.60', '19.50', '22.10', 'ROE']","['Abbott Laboratories', 'Abbott Laboratories', 'Abbott Laboratories', 'Abbott Laboratories', 'Abbott Laboratories', 'Abbott Laboratories', 'Abbott Laboratories', 'Abbott Laboratories', 'Abbott Laboratories', 'Abbott Laboratories', 'Abbott Laboratories', 'Abbott Laboratories', 'Abbott Laboratories', 'Abbott Laboratories']"
25,"['21.78', '12.72', '10.75', '14.40', '16.57', '8.26', '9.72', '10.51', '12.09', '13.96', '13.50', '11.90', '–', 'PE Ratio']","['0.91', '1.13', '0.88', '1.14', '1.33', '0.93', '1.11', '1.17', '1.74', '1.55', '1.72', '1.66', '–', 'PB Ratio']","['33693.00', '94.00', '(5836.00)', '4107.00', '(6134.00)', '5440.00', '38947.00', '(26675.00)', '31663.00', '–', '0.00', '–', '–', 'FCF']","['153575.00', '152772.00', '153768.00', '264685.00', '290021.00', '279604.00', '286168.00', '316581.00', '318837.00', '252777.00', '–', '–', '–', 'Total Debt']","['69030.00', '72104.00', '76184.00', '77177.00', '78466.00', '81406.00', '82697.00', '103149.00', '106598.00', '100141.00', '–', '–', '–', ""Sh' Equity""]","['0.33', '0.39', '0.71', '0.69', '0.67', '0.96', '0.97', '1.04', '1.26', '1.77', '1.04', '1.07', '–', 'ROA']","['4.09', '4.78', '8.42', '7.96', '8.01', '11.51', '11.58', '12.49', '15.11', '11.08', '13.00', '14.40', '–', 'ROE']","['Morgan Stanley', 'Morgan Stanley', 'Morgan Stanley', 'Morgan Stanley', 'Morgan Stanley', 'Morgan Stanley', 'Morgan Stanley', 'Morgan Stanley', 'Morgan Stanley', 'Morgan Stanley', 'Morgan Stanley', 'Morgan Stanley', 'Morgan Stanley', 'Morgan Stanley']"
26,"['12.25', '18.56', '10.55', '16.95', '7.25', '14.91', '13.18', '13.66', '9.75', '7.93', '8.33', '8.15', '7.85', 'PE Ratio']","['1.48', '13.59', '10.58', '9.27', '4.89', '4.24', '4.04', '3.51', '2.64', '1.85', '1.58', '1.43', '1.27', 'PB Ratio']","['23745.00', '15453.00', '11310.00', '4096.00', '6488.00', '16252.00', '16909.00', '19680.00', '(28343.00)', '10401.00', '17377.00', '19509.00', '20413.00', 'FCF']","['93591.00', '113271.00', '109729.00', '108078.00', '117095.00', '113063.00', '133143.00', '150547.00', '177930.00', '176331.00', '–', '–', '–', 'Total Debt']","['95416.00', '13676.00', '17842.00', '24032.00', '44687.00', '53145.00', '61395.00', '67842.00', '81790.00', '91144.00', '–', '–', '–', ""Sh' Equity""]","['4.61', '3.80', '7.50', '5.38', '12.01', '5.95', '6.92', '5.85', '6.46', '5.70', '5.03', '4.90', '4.80', 'ROA']","['12.71', '17.65', '113.45', '62.70', '87.61', '31.74', '33.64', '27.55', '29.49', '24.58', '20.50', '18.70', '17.50', 'ROE']","['Verizon', 'Verizon', 'Verizon', 'Verizon', 'Verizon', 'Verizon', 'Verizon', 'Verizon', 'Verizon', 'Verizon', 'Verizon', 'Verizon', 'Verizon', 'Verizon']"
27,"['0.00', '0.00', '0.00', '0.00', '282.50', '670.06', '102.68', '792.65', '50.88', '152.05', '–', '–', '–', 'PE Ratio']","['10.49', '11.91', '8.99', '9.05', '7.26', '7.85', '7.31', '4.46', '5.00', '3.82', '–', '–', '–', 'PB Ratio']","['561.30', '576.36', '890.99', '1387.61', '1698.00', '2204.00', '2803.00', '3688.00', '4091.00', '5283.00', '–', '–', '–', 'FCF']","['521.28', '1874.09', '1370.69', '1286.10', '2028.39', '1720.00', '3376.00', '3476.00', '3474.00', '11392.00', '–', '–', '–', 'Total Debt']","['2317.63', '3038.51', '3975.18', '5002.87', '7500.13', '10376.00', '15605.00', '33885.00', '41493.00', '58131.00', '–', '–', '–', ""Sh' Equity""]","['(5.58)', '(3.16)', '(2.65)', '(0.40)', '2.13', '1.82', '4.21', '0.29', '6.71', '1.79', '–', '–', '–', 'ROA']","['(13.85)', '(8.67)', '(7.49)', '(1.06)', '5.17', '4.03', '8.54', '0.51', '10.80', '2.90', '–', '–', '–', 'ROE']","['Salesforce', 'Salesforce', 'Salesforce', 'Salesforce', 'Salesforce', 'Salesforce', 'Salesforce', 'Salesforce', 'Salesforce', 'Salesforce', 'Salesforce', 'Salesforce', 'Salesforce', 'Salesforce']"
28,"['20.30', '18.13', '17.42', '19.34', '8.61', '13.51', '15.89', '22.98', '16.61', '29.89', '11.40', '9.96', '9.31', 'PE Ratio']","['2.67', '2.82', '2.60', '2.96', '2.78', '2.15', '2.44', '2.61', '2.37', '1.92', '1.84', '1.70', '1.69', 'PB Ratio']","['4651.00', '8360.00', '9438.00', '8554.00', '9617.00', '12128.00', '12153.00', '11146.00', '16113.00', '12316.00', '12971.00', '14348.00', '16287.00', 'FCF']","['47847.00', '48081.00', '52621.00', '61046.00', '64556.00', '111743.00', '107383.00', '108928.00', '100020.00', '99983.00', '–', '–', '–', 'Total Debt']","['51058.00', '53068.00', '53978.00', '56174.00', '69459.00', '72502.00', '83874.00', '91738.00', '97490.00', '81627.00', '–', '–', '–', ""Sh' Equity""]","['4.21', '5.27', '5.01', '5.00', '12.36', '5.34', '5.07', '3.92', '5.15', '2.01', '5.45', '5.75', '6.06', 'ROA']","['13.52', '16.10', '15.25', '15.76', '36.19', '16.53', '16.70', '12.00', '14.97', '6.00', '18.30', '18.50', '18.80', 'ROE']","['Comcast', 'Comcast', 'Comcast', 'Comcast', 'Comcast', 'Comcast', 'Comcast', 'Comcast', 'Comcast', 'Comcast', 'Comcast', 'Comcast', 'Comcast', 'Comcast']"
29,"['22.55', '33.59', '17.85', '29.74', '21.97', '17.67', '22.91', '102.06', '14.53', '13.22', '15.60', '14.60', '13.30', 'PE Ratio']","['15.22', '47.19', '34.81', '236.87', '105.19', '27.81', '30.81', '218.24', '13.13', '7.67', '6.77', '6.19', '4.38', 'PB Ratio']","['5343.00', '3451.00', '5077.00', '3596.00', '(3724.00)', '6465.00', '2324.00', '5087.00', '11685.00', '9347.00', '8173.00', '8712.00', '9096.00', 'FCF']","['10872.00', '10779.00', '14334.00', '16075.00', '24289.00', '22736.00', '25238.00', '24654.00', '21915.00', '19662.00', '–', '–', '–', 'Total Debt']","['6488.00', '2158.00', '2491.00', '429.00', '1024.00', '3037.00', '3283.00', '669.00', '14269.00', '19803.00', '–', '–', '–', ""Sh' Equity""]","['11.65', '8.46', '13.14', '8.70', '11.41', '10.02', '8.23', '2.23', '19.56', '16.44', '13.60', '16.10', '14.30', 'ROA']","['77.93', '70.14', '208.39', '234.38', '675.15', '235.95', '140.51', '67.97', '172.58', '67.79', '45.10', '49.70', '36.10', 'ROE']","['United Parcel Service', 'United Parcel Service', 'United Parcel Service', 'United Parcel Service', 'United Parcel Service', 'United Parcel Service', 'United Parcel Service', 'United Parcel Service', 'United Parcel Service', 'United Parcel Service', 'United Parcel Service', 'United Parcel Service', 'United Parcel Service', 'United Parcel Service']"
30,"['22.75', '20.57', '19.44', '21.83', '28.61', '16.43', '23.98', '26.95', '22.44', '17.11', '22.50', '20.20', '19.60', 'PE Ratio']","['4.46', '5.48', '5.68', '7.05', '10.12', '10.19', '13.48', '16.45', '13.05', '10.26', '9.83', '8.69', '7.61', 'PB Ratio']","['2993.00', '3811.00', '3956.00', '4083.00', '4708.00', '6067.00', '5832.00', '5494.00', '6369.00', '5926.00', '4361.00', '5841.00', '6744.00', 'FCF']","['5158.00', '4631.00', '4120.00', '3609.00', '4077.00', '5068.00', '5803.00', '6798.00', '7741.00', '8735.00', '–', '–', '–', 'Total Debt']","['10807.00', '10390.00', '9946.00', '10473.00', '10337.00', '8994.00', '8907.00', '9187.00', '13333.00', '14577.00', '–', '–', '–', ""Sh' Equity""]","['10.91', '15.30', '17.77', '22.01', '21.41', '31.84', '28.36', '29.80', '35.14', '33.57', '25.40', '25.30', '28.60', 'ROA']","['19.52', '26.20', '29.37', '35.21', '35.06', '57.29', '55.70', '61.55', '68.70', '62.41', '45.90', '44.20', '42.00', 'ROE']","['Texas Instruments', 'Texas Instruments', 'Texas Instruments', 'Texas Instruments', 'Texas Instruments', 'Texas Instruments', 'Texas Instruments', 'Texas Instruments', 'Texas Instruments', 'Texas Instruments', 'Texas Instruments', 'Texas Instruments', 'Texas Instruments', 'Texas Instruments']"
31,"['16.56', '17.11', '19.89', '20.36', '26.97', '13.14', '18.42', '16.01', '16.30', '17.41', '13.30', '–', '–', 'PE Ratio']","['0.00', '0.00', '0.00', '0.00', '0.00', '0.00', '0.00', '0.00', '0.00', '0.00', '(12.86)', '–', '–', 'PB Ratio']","['8935.00', '6586.00', '6905.00', '6905.00', '7364.00', '8042.00', '9238.00', '9210.00', '11219.00', '9726.00', '10947.00', '–', '–', 'FCF']","['27678.00', '29455.00', '28480.00', '29067.00', '34339.00', '31759.00', '31045.00', '31536.00', '27806.00', '43123.00', '–', '–', '–', 'Total Debt']","['(6274.00)', '(11203.00)', '(11476.00)', '(10900.00)', '(10230.00)', '(10739.00)', '(9599.00)', '(10631.00)', '(8208.00)', '(6311.00)', '–', '–', '–', ""Sh' Equity""]","['22.50', '20.34', '19.81', '19.63', '15.09', '19.08', '17.34', '18.33', '21.10', '17.53', '24.20', '–', '–', 'ROA']","['(180.97)', '(85.36)', '(60.40)', '(62.10)', '(56.99)', '(75.30)', '(70.49)', '(79.45)', '(96.43)', '(124.31)', '37.00', '–', '–', 'ROE']","['Philip Morris', 'Philip Morris', 'Philip Morris', 'Philip Morris', 'Philip Morris', 'Philip Morris', 'Philip Morris', 'Philip Morris', 'Philip Morris', 'Philip Morris', 'Philip Morris', 'Philip Morris', 'Philip Morris', 'Philip Morris']"
32,"['33.33', '31.45', '31.66', '30.23', '31.56', '16.81', '17.75', '25.02', '29.61', '23.28', '16.90', '14.60', '–', 'PE Ratio']","['3.51', '3.60', '3.63', '3.90', '4.38', '3.13', '3.29', '1.57', '3.43', '4.17', '3.11', '2.86', '–', 'PB Ratio']","['1407.00', '1948.00', '980.00', '3257.00', '(1239.00)', '11886.00', '8617.00', '6221.00', '1202.00', '–', '6253.00', '15768.00', '–', 'FCF']","['1903.00', '1899.00', '2877.00', '3134.00', '20661.00', '6886.00', '8258.00', '15616.00', '24996.00', '–', '–', '–', '–', 'Total Debt']","['10381.00', '11803.00', '13402.00', '16421.00', '18525.00', '20670.00', '21745.00', '56060.00', '56261.00', '–', '–', '–', '–', ""Sh' Equity""]","['0.73', '0.85', '0.81', '0.86', '0.93', '1.23', '1.19', '0.72', '0.88', '1.99', '1.10', '1.40', '–', 'ROA']","['11.08', '12.34', '11.93', '13.65', '14.85', '19.81', '19.15', '9.05', '11.33', '0.00', '21.60', '22.70', '–', 'ROE']","['Charles Schwab', 'Charles Schwab', 'Charles Schwab', 'Charles Schwab', 'Charles Schwab', 'Charles Schwab', 'Charles Schwab', 'Charles Schwab', 'Charles Schwab', 'Charles Schwab', 'Charles Schwab', 'Charles Schwab', 'Charles Schwab', 'Charles Schwab']"
33,"['99.58', '144.61', '72.02', '43.75', '52.75', '47.52', '49.88', '43.74', '66.32', '34.05', '31.50', '27.20', '23.60', 'PE Ratio']","['4.23', '5.42', '6.52', '6.90', '10.59', '13.16', '13.97', '17.35', '21.59', '11.54', '9.08', '7.31', '6.08', 'PB Ratio']","['987.59', '1139.15', '1342.35', '1995.92', '2734.73', '3762.00', '4027.00', '5308.00', '6882.00', '7396.00', '7951.00', '8968.00', '9891.00', 'FCF']","['1513.97', '1514.32', '1907.23', '1892.20', '1881.42', '4124.80', '4138.00', '4209.00', '4220.00', '4129.00', '–', '–', '–', 'Total Debt']","['6724.63', '6775.90', '7001.58', '7424.84', '8459.87', '9362.11', '10530.00', '13264.00', '14797.00', '14051.00', '–', '–', '–', ""Sh' Equity""]","['2.84', '2.54', '5.59', '9.57', '12.44', '15.56', '14.93', '23.35', '18.72', '17.48', '20.00', '19.10', '15.60', 'ROA']","['4.33', '3.98', '9.14', '16.20', '21.33', '29.08', '29.67', '44.21', '34.37', '32.97', '46.10', '44.10', '36.80', 'ROE']","['Adobe', 'Adobe', 'Adobe', 'Adobe', 'Adobe', 'Adobe', 'Adobe', 'Adobe', 'Adobe', 'Adobe', 'Adobe', 'Adobe', 'Adobe', 'Adobe']"
34,"['11.26', '10.44', '6.89', '11.32', '13.98', '10.12', '14.57', '0.00', '33.36', '28.64', '23.50', '20.00', '16.70', 'PE Ratio']","['1.94', '2.00', '1.83', '1.96', '2.03', '1.32', '1.82', '1.31', '1.73', '2.01', '1.99', '1.92', '1.82', 'PB Ratio']","['5023.00', '4792.00', '4666.00', '4325.00', '3237.00', '803.00', '3602.00', '2227.00', '4700.00', '4393.00', '4844.00', '6681.00', '8510.00', 'FCF']","['20241.00', '19701.00', '20425.00', '23901.00', '27485.00', '45537.00', '43252.00', '31823.00', '31485.00', '31914.00', '–', '–', '–', 'Total Debt']","['33219.00', '32564.00', '28844.00', '29169.00', '31421.00', '40610.00', '44231.00', '73852.00', '74664.00', '74178.00', '–', '–', '–', ""Sh' Equity""]","['6.36', '6.84', '8.52', '5.71', '4.88', '4.56', '4.04', '(2.33)', '2.39', '3.25', '4.10', '4.60', '5.10', 'ROA']","['18.98', '18.91', '24.78', '17.43', '15.03', '14.63', '13.05', '(5.96)', '5.20', '6.98', '10.20', '12.00', '13.50', 'ROE']","['Raytheon Technologies', 'Raytheon Technologies', 'Raytheon Technologies', 'Raytheon Technologies', 'Raytheon Technologies', 'Raytheon Technologies', 'Raytheon Technologies', 'Raytheon Technologies', 'Raytheon Technologies', 'Raytheon Technologies', 'Raytheon Technologies', 'Raytheon Technologies', 'Raytheon Technologies', 'Raytheon Technologies']"
35,"['19.16', '18.98', '17.11', '19.12', '13.62', '12.46', '31.17', '51.87', '51.58', '40.11', '23.40', '21.50', '19.80', 'PE Ratio']","['2.01', '2.29', '2.02', '2.17', '2.46', '2.20', '2.82', '3.36', '4.03', '3.42', '3.08', '3.01', '2.95', 'PB Ratio']","['(1415.00)', '(1210.00)', '(2236.00)', '2787.00', '1231.00', '2327.00', '(7991.00)', '(5615.00)', '(5763.00)', '(9457.00)', '(8024.00)', '(8869.00)', '(9248.00)', 'FCF']","['28426.00', '28701.00', '29687.00', '30840.00', '35025.00', '37712.00', '42583.00', '48091.00', '54827.00', '64966.00', '–', '–', '–', 'Total Debt']","['18040.00', '20168.00', '23112.00', '25331.00', '29531.00', '37413.00', '41360.00', '44929.00', '45424.00', '48326.00', '–', '–', '–', ""Sh' Equity""]","['2.85', '3.43', '3.50', '3.37', '5.72', '6.58', '3.40', '2.38', '2.66', '2.77', '3.75', '3.79', '4.00', 'ROA']","['11.19', '12.90', '12.72', '12.00', '19.61', '19.83', '9.57', '6.77', '7.91', '8.85', '14.10', '14.40', '15.00', 'ROE']","['Nextera Energy', 'Nextera Energy', 'Nextera Energy', 'Nextera Energy', 'Nextera Energy', 'Nextera Energy', 'Nextera Energy', 'Nextera Energy', 'Nextera Energy', 'Nextera Energy', 'Nextera Energy', 'Nextera Energy', 'Nextera Energy', 'Nextera Energy']"
36,"['189.82', '76.95', '400.35', '289.75', '155.87', '96.28', '75.78', '86.38', '52.39', '29.64', '28.50', '22.80', '18.20', 'PE Ratio']","['16.07', '11.05', '21.91', '20.40', '24.24', '22.24', '18.68', '21.55', '16.84', '6.32', '5.87', '4.89', '4.20', 'PB Ratio']","['(22.24)', '(128.03)', '(918.64)', '(1658.81)', '(1959.25)', '(2854.43)', '(3140.36)', '1929.15', '(920.32)', '1618.53', '3475.00', '5061.00', '6649.00', 'FCF']","['500.00', '885.85', '2371.36', '3364.31', '6499.43', '10360.06', '14950.26', '16565.09', '15708.07', '14709.08', '–', '–', '–', 'Total Debt']","['1333.56', '1857.71', '2223.43', '2679.80', '3581.96', '5238.77', '7582.16', '11065.24', '15849.25', '20777.40', '–', '–', '–', ""Sh' Equity""]","['2.40', '4.28', '1.42', '1.57', '3.43', '5.38', '6.23', '7.54', '12.20', '9.64', '10.20', '11.20', '13.20', 'ROA']","['10.82', '16.72', '6.01', '7.61', '17.85', '27.46', '29.12', '29.62', '38.02', '24.53', '22.60', '23.30', '24.10', 'ROE']","['Netflix', 'Netflix', 'Netflix', 'Netflix', 'Netflix', 'Netflix', 'Netflix', 'Netflix', 'Netflix', 'Netflix', 'Netflix', 'Netflix', 'Netflix', 'Netflix']"
37,"['16.91', '15.87', '16.58', '17.89', '31.07', '0.00', '21.07', '25.64', '16.14', '9.82', '–', '–', '–', 'PE Ratio']","['3.20', '3.21', '2.77', '3.20', '2.49', '131.62', '18.80', '21.98', '14.66', '7.04', '–', '–', '–', 'PB Ratio']","['7734.00', '7739.00', '4778.00', '7093.00', '4311.00', '12312.00', '6597.00', '4407.00', '8648.00', '6834.00', '–', '–', '–', 'FCF']","['–', '–', '10969.00', '11757.00', '21893.00', '16370.00', '15933.00', '15726.00', '15745.00', '15482.00', '–', '–', '–', 'Total Debt']","['36087.00', '39166.00', '31414.00', '31768.00', '30746.00', '807.00', '4909.00', '6077.00', '9950.00', '18013.00', '–', '–', '–', ""Sh' Equity""]","['15.48', '16.93', '10.61', '11.06', '4.15', '(10.11)', '13.36', '15.17', '23.54', '28.67', '–', '–', '–', 'ROA']","['19.68', '21.17', '14.94', '18.06', '7.82', '(31.46)', '153.46', '94.63', '112.85', '92.52', '–', '–', '–', 'ROE']","['QUALCOMM', 'QUALCOMM', 'QUALCOMM', 'QUALCOMM', 'QUALCOMM', 'QUALCOMM', 'QUALCOMM', 'QUALCOMM', 'QUALCOMM', 'QUALCOMM', 'QUALCOMM', 'QUALCOMM', 'QUALCOMM', 'QUALCOMM']"
38,"['10.31', '28.23', '14.64', '20.49', '8.08', '9.94', '20.57', '0.00', '8.91', '–', '8.39', '8.02', '7.70', 'PE Ratio']","['2.06', '1.94', '1.57', '2.14', '1.67', '1.00', '1.42', '1.27', '1.07', '–', '1.28', '1.23', '1.13', 'PB Ratio']","['13852.00', '10139.00', '16662.00', '16926.00', '17363.00', '22351.00', '29033.00', '27455.00', '25430.00', '–', '12336.30', '13400.74', '13631.11', 'FCF']","['74788.00', '81834.00', '126151.00', '123513.00', '164346.00', '176505.00', '188402.00', '182984.00', '203566.00', '–', '–', '–', '–', 'Total Debt']","['91482.00', '90270.00', '123640.00', '124110.00', '142007.00', '193884.00', '201934.00', '179240.00', '183855.00', '106457.00', '–', '–', '–', ""Sh' Equity""]","['6.70', '2.24', '3.82', '3.22', '6.95', '3.97', '2.57', '(1.00)', '3.69', '–', '4.57', '4.62', '4.68', 'ROA']","['20.00', '7.09', '12.48', '10.48', '22.23', '11.92', '7.55', '(3.10)', '12.12', '–', '16.70', '16.00', '15.70', 'ROE']","['AT&T', 'AT&T', 'AT&T', 'AT&T', 'AT&T', 'AT&T', 'AT&T', 'AT&T', 'AT&T', 'AT&T', 'AT&T', 'AT&T', 'AT&T', 'AT&T']"
39,"['18.48', '16.64', '13.77', '13.34', '34.00', '12.02', '15.54', '32.07', '16.34', '14.94', '15.90', '14.00', '12.50', 'PE Ratio']","['5.04', '4.70', '3.36', '3.43', '4.78', '3.66', '4.47', '4.23', '5.82', '4.47', '4.78', '4.20', '4.03', 'PB Ratio']","['7541.00', '9795.00', '9365.00', '6916.00', '12478.00', '7620.00', '11987.00', '4113.00', '13095.00', '19224.00', '0.00', '–', '–', 'FCF']","['55330.00', '57955.00', '48061.00', '68295.00', '59082.00', '72838.00', '79892.00', '56659.00', '55101.00', '42573.00', '–', '–', '–', 'Total Debt']","['19496.00', '20673.00', '20673.00', '20501.00', '18261.00', '22290.00', '23071.00', '22984.00', '22177.00', '24711.00', '–', '–', '–', ""Sh' Equity""]","['3.47', '3.74', '3.16', '3.28', '1.56', '3.67', '3.43', '1.56', '4.17', '3.55', '3.42', '3.52', '3.70', 'ROA']","['27.68', '29.07', '24.49', '25.51', '13.65', '33.47', '29.24', '13.18', '35.06', '31.56', '31.30', '31.20', '34.10', 'ROE']","['American Express', 'American Express', 'American Express', 'American Express', 'American Express', 'American Express', 'American Express', 'American Express', 'American Express', 'American Express', 'American Express', 'American Express', 'American Express', 'American Express']"
40,"['17.46', '17.61', '16.16', '17.96', '68.52', '14.50', '20.77', '31.33', '26.06', '29.20', '21.50', '19.40', '17.70', 'PE Ratio']","['3.90', '4.20', '4.18', '4.35', '6.74', '5.35', '6.82', '8.42', '7.50', '8.61', '7.50', '6.57', '6.66', 'PB Ratio']","['3403.00', '4004.00', '4461.00', '4424.00', '5021.00', '5621.00', '6101.00', '5359.00', '5170.00', '4537.00', '4162.00', '6166.00', '6664.00', 'FCF']","['7530.00', '6985.00', '6131.00', '12409.00', '13924.00', '12628.00', '12486.00', '18787.00', '16057.00', '16853.00', '–', '–', '–', 'Total Debt']","['17579.00', '17784.00', '18418.00', '19547.00', '16665.00', '18358.00', '18706.00', '17790.00', '19242.00', '17319.00', '–', '–', '–', ""Sh' Equity""]","['8.99', '9.33', '10.06', '9.30', '2.72', '11.54', '10.55', '7.75', '8.59', '7.84', '9.85', '10.80', '11.60', 'ROA']","['25.61', '23.97', '26.34', '25.35', '8.53', '38.63', '33.15', '26.19', '29.93', '27.17', '35.20', '41.00', '39.10', 'ROE']","['Honeywell', 'Honeywell', 'Honeywell', 'Honeywell', 'Honeywell', 'Honeywell', 'Honeywell', 'Honeywell', 'Honeywell', 'Honeywell', 'Honeywell', 'Honeywell', 'Honeywell', 'Honeywell']"
41,"['9.52', '12.47', '0.00', '0.00', '0.00', '11.61', '10.11', '0.00', '11.89', '–', '9.24', '8.87', '10.70', 'PE Ratio']","['1.66', '1.63', '1.45', '1.79', '2.19', '2.27', '2.07', '1.44', '2.09', '–', '2.48', '2.23', '0.00', 'PB Ratio']","['10824.00', '1087.00', '(526.00)', '820.00', '16346.00', '7266.00', '7480.00', '1404.00', '13325.00', '–', '14913.00', '13537.00', '9767.00', 'FCF']","['21662.00', '22565.00', '24880.00', '27275.00', '19703.00', '14968.00', '15827.00', '16154.00', '20601.00', '–', '–', '–', '–', 'Total Debt']","['52492.00', '52273.00', '40082.00', '35226.00', '30801.00', '31939.00', '34981.00', '29849.00', '45406.00', '48003.00', '–', '–', '–', ""Sh' Equity""]","['7.79', '5.86', '(4.14)', '(3.86)', '(1.05)', '8.73', '10.23', '(4.06)', '10.54', '–', '13.30', '10.90', '5.90', 'ROA']","['18.15', '13.11', '(9.59)', '(9.60)', '(2.60)', '20.01', '21.49', '(8.33)', '21.47', '–', '28.00', '21.50', '20.60', 'ROE']","['ConocoPhillips', 'ConocoPhillips', 'ConocoPhillips', 'ConocoPhillips', 'ConocoPhillips', 'ConocoPhillips', 'ConocoPhillips', 'ConocoPhillips', 'ConocoPhillips', 'ConocoPhillips', 'ConocoPhillips', 'ConocoPhillips', 'ConocoPhillips', 'ConocoPhillips']"
42,"['0.00', '0.00', '0.00', '0.00', '366.00', '54.29', '152.87', '44.09', '55.13', '71.93', '–', '–', '–', 'PE Ratio']","['5.36', '10.97', '0.00', '22.94', '17.54', '14.32', '17.70', '18.60', '23.28', '1.89', '–', '–', '–', 'PB Ratio']","['6.00', '(193.00)', '(314.00)', '4.00', '(101.00)', '(129.00)', '276.00', '777.00', '3220.00', '3565.00', '–', '–', '–', 'FCF']","['1998.00', '2035.00', '2007.00', '1435.00', '1395.00', '1250.00', '529.00', '371.00', '313.00', '2467.00', '–', '–', '–', 'Total Debt']","['544.00', '187.00', '(412.00)', '416.00', '596.00', '1266.00', '2827.00', '5837.00', '7497.00', '54750.00', '–', '–', '–', ""Sh' Equity""]","['(1.99)', '(9.95)', '(19.27)', '(15.55)', '(0.96)', '8.31', '6.44', '33.22', '29.58', '3.30', '–', '–', '–', 'ROA']","['(15.34)', '(110.26)', '586.67', '(24,900.00)', '(6.52)', '36.20', '16.66', '57.48', '47.43', '4.24', '–', '–', '–', 'ROE']","['AMD', 'AMD', 'AMD', 'AMD', 'AMD', 'AMD', 'AMD', 'AMD', 'AMD', 'AMD', 'AMD', 'AMD', 'AMD', 'AMD']"
43,"['16.93', '23.46', '17.72', '14.61', '67.30', '15.34', '18.62', '18.56', '21.72', '21.48', '18.70', '17.70', '18.50', 'PE Ratio']","['3.89', '4.69', '4.38', '3.77', '5.13', '10.29', '15.08', '14.32', '19.14', '38.24', '20.88', '19.83', '18.59', 'PB Ratio']","['5618.00', '7952.00', '9411.00', '9616.00', '10513.00', '10558.00', '8532.00', '9889.00', '8381.00', '8785.00', '9940.00', '10726.00', '9172.00', 'FCF']","['32128.00', '30715.00', '31429.00', '34596.00', '35342.00', '33929.00', '29903.00', '32986.00', '33309.00', '38945.00', '–', '–', '–', 'Total Debt']","['22096.00', '25778.00', '28083.00', '29875.00', '25241.00', '12500.00', '9673.00', '9409.00', '6700.00', '3661.00', '–', '–', '–', ""Sh' Equity""]","['8.44', '7.63', '9.88', '10.36', '2.51', '11.47', '12.44', '11.84', '9.50', '10.38', '0.00', '0.00', '0.00', 'ROA']","['24.69', '21.55', '25.77', '26.65', '7.18', '44.48', '70.73', '76.13', '73.16', '126.47', '152.00', '330.00', '149.00', 'ROE']","['Amgen', 'Amgen', 'Amgen', 'Amgen', 'Amgen', 'Amgen', 'Amgen', 'Amgen', 'Amgen', 'Amgen', 'Amgen', 'Amgen', 'Amgen', 'Amgen']"
44,"['8.94', '9.90', '13.87', '18.28', '19.80', '18.48', '16.96', '26.39', '18.75', '16.86', '14.00', '13.20', '12.70', 'PE Ratio']","['3.07', '3.43', '3.96', '4.26', '4.44', '3.87', '4.83', '5.61', '6.06', '5.95', '5.74', '4.71', '3.70', 'PB Ratio']","['3032.60', '3569.10', '4114.20', '4381.50', '3042.00', '2409.00', '3940.00', '8446.00', '8972.00', '5658.00', '8093.00', '8826.00', '8816.00', 'FCF']","['34475.70', '36958.40', '36849.40', '35611.50', '40045.30', '42256.00', '45334.00', '46600.00', '48691.00', '52201.00', '–', '–', '–', 'Total Debt']","['10267.70', '9065.50', '6757.60', '6530.80', '9560.50', '11288.00', '11413.00', '12937.00', '18431.00', '20262.00', '–', '–', '–', ""Sh' Equity""]","['6.11', '5.23', '3.25', '2.63', '3.49', '3.49', '4.55', '3.72', '7.49', '8.19', '15.90', '15.10', '15.20', 'ROA']","['41.30', '32.71', '24.52', '22.94', '26.83', '22.72', '28.66', '22.60', '38.02', '36.86', '41.00', '35.60', '30.00', 'ROE']","['Deere & Company', 'Deere & Company', 'Deere & Company', 'Deere & Company', 'Deere & Company', 'Deere & Company', 'Deere & Company', 'Deere & Company', 'Deere & Company', 'Deere & Company', 'Deere & Company', 'Deere & Company', 'Deere & Company', 'Deere & Company']"
45,"['15.98', '16.88', '18.70', '14.57', '46.03', '14.76', '17.64', '14.55', '15.56', '21.92', '17.90', '17.00', '16.40', 'PE Ratio']","['9.70', '17.94', '21.76', '47.21', '0.00', '51.41', '34.63', '16.46', '8.96', '13.59', '13.23', '12.41', '10.30', 'PB Ratio']","['3710.00', '3021.00', '4162.00', '4126.00', '5299.00', '1860.00', '5827.00', '6417.00', '7699.00', '6132.00', '6269.00', '6445.00', '6589.00', 'FCF']","['6152.00', '6142.00', '15261.00', '14282.00', '14263.00', '14104.00', '12654.00', '12169.00', '12776.00', '15730.00', '–', '–', '–', 'Total Debt']","['4918.00', '3400.00', '3097.00', '1606.00', '(776.00)', '1449.00', '3171.00', '6038.00', '10959.00', '9266.00', '–', '–', '–', ""Sh' Equity""]","['7.97', '9.87', '8.35', '10.65', '4.16', '11.03', '13.48', '13.91', '12.43', '11.05', '12.50', '12.80', '12.90', 'ROA']","['120.27', '86.90', '110.97', '219.99', '473.01', '1,499.55', '269.70', '148.40', '74.31', '56.68', '73.70', '77.10', '73.50', 'ROE']","['Lockheed Martin', 'Lockheed Martin', 'Lockheed Martin', 'Lockheed Martin', 'Lockheed Martin', 'Lockheed Martin', 'Lockheed Martin', 'Lockheed Martin', 'Lockheed Martin', 'Lockheed Martin', 'Lockheed Martin', 'Lockheed Martin', 'Lockheed Martin', 'Lockheed Martin']"
46,"['10.86', '11.04', '14.66', '14.54', '29.02', '6.55', '10.87', '8.40', '6.36', '11.40', '10.60', '9.03', '–', 'PE Ratio']","['1.17', '1.21', '1.07', '1.36', '1.46', '0.82', '1.08', '1.11', '1.35', '1.14', '1.12', '1.04', '–', 'PB Ratio']","['3899.00', '(8580.00)', '7876.00', '4010.00', '(23099.00)', '12293.00', '22057.00', '(17067.00)', '187.00', '–', '0.00', '–', '–', 'FCF']","['160965.00', '167302.00', '175422.00', '320809.00', '379016.00', '398543.00', '425832.00', '461364.00', '569617.00', '463000.00', '–', '–', '–', 'Total Debt']","['78467.00', '82797.00', '86728.00', '86893.00', '82243.00', '90185.00', '90265.00', '95932.00', '109926.00', '117000.00', '–', '–', '–', ""Sh' Equity""]","['0.84', '0.91', '0.65', '0.82', '0.41', '1.07', '0.82', '0.83', '1.61', '0.74', '0.80', '0.89', '–', 'ROA']","['10.98', '11.15', '7.47', '9.37', '5.05', '13.20', '9.99', '10.89', '23.00', '10.47', '11.00', '12.30', '–', 'ROE']","['Goldman Sachs', 'Goldman Sachs', 'Goldman Sachs', 'Goldman Sachs', 'Goldman Sachs', 'Goldman Sachs', 'Goldman Sachs', 'Goldman Sachs', 'Goldman Sachs', 'Goldman Sachs', 'Goldman Sachs', 'Goldman Sachs', 'Goldman Sachs', 'Goldman Sachs']"
47,"['15.47', '15.31', '19.42', '0.00', '120.80', '12.27', '13.64', '33.09', '17.36', '18.88', '(3.08)', '(7.88)', '(13.90)', 'PE Ratio']","['2.81', '3.36', '2.71', '4.16', '6.75', '5.34', '5.67', '6.44', '6.75', '7.77', '0.00', '0.00', '0.00', 'PB Ratio']","['6589.00', '5582.00', '4198.00', '3610.00', '4534.00', '4578.00', '5396.00', '4984.00', '5991.00', '5997.00', '(34.50)', '(3.24)', '2.51', 'FCF']","['37750.00', '39285.00', '38013.00', '36783.00', '34878.00', '36553.00', '37657.00', '37163.00', '37789.00', '36993.00', '–', '–', '–', 'Total Debt']","['20878.00', '16826.00', '14885.00', '13213.00', '13766.00', '14080.00', '14629.00', '15378.00', '16516.00', '15891.00', '–', '–', '–', ""Sh' Equity""]","['4.36', '2.89', '3.08', '(0.09)', '0.99', '7.91', '7.76', '3.82', '8.06', '8.14', '(17.20)', '(7.63)', '(5.02)', 'ROA']","['19.70', '13.01', '15.84', '(0.48)', '5.59', '44.15', '42.45', '19.98', '40.69', '41.38', '(28.10)', '(13.10)', '(9.33)', 'ROE']","['Caterpillar', 'Caterpillar', 'Caterpillar', 'Caterpillar', 'Caterpillar', 'Caterpillar', 'Caterpillar', 'Caterpillar', 'Caterpillar', 'Caterpillar', 'Caterpillar', 'Caterpillar', 'Caterpillar', 'Caterpillar']"
48,"['22.73', '21.73', '25.34', '26.81', '21.06', '25.54', '34.34', '21.21', '21.08', '19.75', '18.70', '14.60', '13.10', 'PE Ratio']","['3.17', '4.14', '6.78', '8.80', '10.00', '14.96', '21.40', '45.80', '85.04', '0.00', '(10.20)', '(8.28)', '(7.11)', 'PB Ratio']","['2681.00', '3246.00', '4101.00', '3644.00', '4487.00', '3987.00', '5095.00', '2975.00', '9348.00', '8373.00', '8459.00', '8406.00', '8803.00', 'FCF']","['9077.00', '10521.00', '11358.00', '12649.00', '15699.00', '16995.00', '16223.00', '19306.00', '21780.00', '24727.00', '–', '–', '–', 'Total Debt']","['13857.00', '11853.00', '9968.00', '7654.00', '6434.00', '5873.00', '3644.00', '1972.00', '1437.00', '(4816.00)', '–', '–', '–', ""Sh' Equity""]","['5.87', '6.94', '8.32', '8.05', '9.33', '9.86', '6.61', '11.54', '13.48', '18.41', '19.20', '18.20', '19.50', 'ROA']","['12.80', '17.66', '24.58', '28.76', '43.50', '55.84', '48.48', '151.99', '340.92', '(497.72)', '0.00', '0.00', '0.00', 'ROE']","[""Lowe's Companies"", ""Lowe's Companies"", ""Lowe's Companies"", ""Lowe's Companies"", ""Lowe's Companies"", ""Lowe's Companies"", ""Lowe's Companies"", ""Lowe's Companies"", ""Lowe's Companies"", ""Lowe's Companies"", ""Lowe's Companies"", ""Lowe's Companies"", ""Lowe's Companies"", ""Lowe's Companies""]"
49,"['17.72', '20.61', '14.19', '20.14', '10.01', '17.37', '21.47', '26.39', '25.22', '18.48', '16.60', '15.20', '13.80', 'PE Ratio']","['3.67', '5.04', '3.27', '4.28', '4.36', '5.08', '7.02', '8.32', '11.63', '10.63', '9.85', '9.55', '7.57', 'PB Ratio']","['3425.00', '3177.00', '2945.00', '4149.00', '4160.00', '5312.00', '5230.00', '5762.00', '6274.00', '5936.00', '6208.00', '6387.00', '6800.00', 'FCF']","['9577.00', '11413.00', '14201.00', '15007.00', '16944.00', '22391.00', '25200.00', '26729.00', '29729.00', '33326.00', '–', '–', '–', 'Total Debt']","['21225.00', '21189.00', '20702.00', '19932.00', '24856.00', '20423.00', '18128.00', '16958.00', '14161.00', '12163.00', '–', '–', '–', ""Sh' Equity""]","['9.06', '10.15', '8.92', '7.67', '18.87', '10.20', '9.80', '8.62', '10.36', '10.85', '10.50', '14.60', '11.80', 'ROA']","['21.35', '24.43', '22.78', '20.83', '47.83', '26.35', '30.71', '30.49', '41.92', '53.17', '60.00', '66.20', '95.90', 'ROE']","['Union Pacific Corporation', 'Union Pacific Corporation', 'Union Pacific Corporation', 'Union Pacific Corporation', 'Union Pacific Corporation', 'Union Pacific Corporation', 'Union Pacific Corporation', 'Union Pacific Corporation', 'Union Pacific Corporation', 'Union Pacific Corporation', 'Union Pacific Corporation', 'Union Pacific Corporation', 'Union Pacific Corporation', 'Union Pacific Corporation']"
50,"['22.67', '17.40', '19.23', '20.25', '21.76', '17.85', '0.00', '0.00', '0.00', '0.00', '20.40', '13.60', '–', 'PE Ratio']","['6.91', '10.76', '15.53', '113.75', '104.41', '455.59', '0.00', '0.00', '0.00', '0.00', '(7.86)', '(14.59)', '–', 'PB Ratio']","['5992.00', '6656.00', '6955.00', '7921.00', '11568.00', '13651.00', '(4073.00)', '(19417.00)', '(3867.00)', '2325.00', '6840.00', '10342.00', '–', 'FCF']","['9635.00', '9070.00', '9964.00', '9952.00', '11117.00', '13847.00', '27302.00', '63583.00', '58102.00', '57001.00', '–', '–', '–', 'Total Debt']","['14997.00', '8790.00', '6397.00', '877.00', '1713.00', '410.00', '(8300.00)', '(18075.00)', '(14846.00)', '(15848.00)', '–', '–', '–', ""Sh' Equity""]","['5.04', '5.86', '5.52', '5.46', '8.35', '9.10', '(0.51)', '(8.31)', '(2.89)', '(3.58)', '2.70', '4.60', '–', 'ROA']","['43.67', '45.74', '68.11', '138.33', '652.66', '984.74', '16.12', '90.03', '25.53', '32.16', '0.00', '0.00', '–', 'ROE']","['Boeing', 'Boeing', 'Boeing', 'Boeing', 'Boeing', 'Boeing', 'Boeing', 'Boeing', 'Boeing', 'Boeing', 'Boeing', 'Boeing', 'Boeing', 'Boeing']"
51,"['34.06', '27.85', '31.23', '28.49', '27.31', '17.31', '30.18', '111.58', '31.07', '29.88', '30.60', '25.30', '21.50', 'PE Ratio']","['12.87', '10.78', '14.61', '13.53', '14.29', '65.36', '0.00', '0.00', '0.00', '0.00', '(14.34)', '(12.79)', '(10.10)', 'PB Ratio']","['1757.10', '(553.10)', '2454.30', '3257.60', '2732.40', '9961.40', '3240.40', '114.20', '4519.10', '2556.00', '3620.00', '4177.00', '4853.00', 'FCF']","['1299.40', '2048.30', '2347.50', '3585.20', '3936.60', '9440.10', '11172.00', '15909.50', '14615.80', '15043.90', '–', '–', '–', 'Total Debt']","['4482.30', '5273.70', '5819.80', '5890.70', '5457.00', '1175.80', '(6231.00)', '(7799.40)', '(5314.50)', '(8698.70)', '–', '–', '–', ""Sh' Equity""]","['0.08', '18.57', '23.80', '21.08', '20.12', '23.46', '16.60', '3.82', '13.82', '11.05', '17.00', '19.20', '16.10', 'ROA']","['0.17', '42.40', '49.71', '48.12', '50.84', '136.24', '(142.40)', '(13.23)', '(64.04)', '(46.84)', '0.00', '0.00', '0.00', 'ROE']","['Starbucks', 'Starbucks', 'Starbucks', 'Starbucks', 'Starbucks', 'Starbucks', 'Starbucks', 'Starbucks', 'Starbucks', 'Starbucks', 'Starbucks', 'Starbucks', 'Starbucks', 'Starbucks']"
52,"['54.34', '34.70', '25.86', '23.26', '20.78', '20.68', '36.09', '49.34', '42.30', '25.85', '39.40', '38.10', '29.80', 'PE Ratio']","['1.28', '1.42', '1.22', '1.51', '1.82', '1.29', '2.16', '2.00', '3.30', '1.53', '2.22', '2.21', '2.20', 'PB Ratio']","['4299.01', '1290.84', '1443.57', '1875.73', '2611.13', '933.73', '1472.17', '1688.71', '1759.02', '28.97', '1068.00', '1341.00', '2369.00', 'FCF']","['9011.22', '9336.98', '11626.83', '11230.29', '9581.63', '11362.82', '12441.88', '17225.08', '18701.05', '23908.96', '–', '–', '–', 'Total Debt']","['14176.45', '15183.60', '18420.84', '18458.14', '18705.74', '25800.89', '26071.78', '36324.58', '37742.21', '57863.09', '–', '–', '–', ""Sh' Equity""]","['1.22', '2.47', '3.02', '3.90', '5.50', '4.84', '3.99', '3.07', '5.12', '4.59', '3.29', '2.76', '3.10', 'ROA']","['2.31', '4.26', '5.16', '6.55', '8.87', '7.41', '6.06', '4.73', '7.94', '7.04', '4.62', '4.77', '5.97', 'ROE']","['Prologis', 'Prologis', 'Prologis', 'Prologis', 'Prologis', 'Prologis', 'Prologis', 'Prologis', 'Prologis', 'Prologis', 'Prologis', 'Prologis', 'Prologis', 'Prologis']"
53,"['18.93', '24.08', '20.94', '16.27', '11.35', '0.00', '14.60', '12.46', '17.19', '29.31', '11.30', '10.80', '9.81', 'PE Ratio']","['2.30', '2.95', '2.94', '2.34', '1.99', '1.17', '1.51', '1.28', '1.81', '1.71', '1.47', '1.40', '0.00', 'PB Ratio']","['3853.00', '6012.00', '6207.00', '7917.00', '6089.00', '6828.00', '10391.00', '13428.00', '15745.00', '13450.00', '10954.00', '12192.00', '12620.00', 'FCF']","['13402.00', '12890.00', '27464.00', '27531.00', '27002.00', '73429.00', '68480.00', '64647.00', '56176.00', '52254.00', '–', '–', '–', 'Total Debt']","['37938.00', '37963.00', '37203.00', '36834.00', '37695.00', '58543.00', '64170.00', '69701.00', '75381.00', '71315.00', '–', '–', '–', ""Sh' Equity""]","['6.67', '6.37', '6.29', '5.69', '6.99', '(0.41)', '3.17', '3.17', '3.41', '1.80', '4.08', '4.29', '3.20', 'ROA']","['12.15', '12.24', '13.93', '14.36', '17.77', '(1.23)', '10.81', '10.73', '10.90', '5.66', '13.30', '15.80', '0.00', 'ROE']","['CVS Health', 'CVS Health', 'CVS Health', 'CVS Health', 'CVS Health', 'CVS Health', 'CVS Health', 'CVS Health', 'CVS Health', 'CVS Health', 'CVS Health', 'CVS Health', 'CVS Health', 'CVS Health']"
54,"['13.45', '15.12', '14.29', '16.87', '22.97', '10.27', '12.52', '10.00', '10.51', '13.57', '(37.50)', '27.60', '13.30', 'PE Ratio']","['2.21', '3.18', '2.67', '2.61', '3.19', '2.90', '3.41', '2.58', '2.19', '1.06', '1.08', '1.04', '0.94', 'PB Ratio']","['10029.00', '10313.00', '11692.00', '12183.00', '10332.00', '14251.00', '16932.00', '21411.00', '9127.00', '(9617.00)', '(8076.00)', '(1857.00)', '1731.00', 'FCF']","['13446.00', '13655.00', '22670.00', '25283.00', '26813.00', '26359.00', '29001.00', '36401.00', '38101.00', '42051.00', '–', '–', '–', 'Total Debt']","['58256.00', '55865.00', '61085.00', '66226.00', '69019.00', '74563.00', '77504.00', '81038.00', '95391.00', '103286.00', '–', '–', '–', ""Sh' Equity""]","['10.89', '12.70', '11.81', '9.61', '8.12', '16.76', '15.92', '14.43', '12.36', '4.57', '1.68', '4.65', '6.16', 'ROA']","['17.58', '20.51', '19.53', '16.21', '14.20', '29.33', '27.68', '26.36', '22.52', '8.07', '2.99', '8.34', '10.40', 'ROE']","['Intel', 'Intel', 'Intel', 'Intel', 'Intel', 'Intel', 'Intel', 'Intel', 'Intel', 'Intel', 'Intel', 'Intel', 'Intel', 'Intel']"
55,"['18.36', '18.26', '16.93', '20.02', '16.58', '14.63', '17.52', '22.42', '23.62', '20.76', '19.80', '17.50', '–', 'PE Ratio']","['2.02', '2.19', '1.98', '2.18', '2.59', '1.94', '2.33', '3.13', '3.69', '2.87', '2.66', '2.53', '–', 'PB Ratio']","['3548.00', '3021.00', '2783.00', '2154.00', '3795.00', '2871.00', '2630.00', '3549.00', '4603.00', '–', '5868.00', '6659.00', '–', 'FCF']","['29096.00', '41965.00', '36266.00', '33623.00', '24190.00', '26634.00', '20573.00', '24521.00', '15277.00', '–', '–', '–', '–', 'Total Debt']","['26616.00', '27485.00', '28580.00', '29150.00', '31848.00', '32433.00', '33613.00', '35334.00', '37806.00', '–', '–', '–', '–', ""Sh' Equity""]","['1.40', '1.43', '1.44', '1.42', '2.25', '2.27', '2.73', '2.85', '3.58', '6.78', '4.69', '5.05', '–', 'ROA']","['11.23', '12.18', '11.93', '10.98', '16.24', '13.39', '13.55', '14.31', '16.14', '0.00', '14.00', '15.10', '–', 'ROE']","['BlackRock', 'BlackRock', 'BlackRock', 'BlackRock', 'BlackRock', 'BlackRock', 'BlackRock', 'BlackRock', 'BlackRock', 'BlackRock', 'BlackRock', 'BlackRock', 'BlackRock', 'BlackRock']"
56,"['37.36', '11.84', '8.19', '7.36', '20.93', '14.89', '15.33', '582.60', '14.67', '23.27', '–', '–', '–', 'PE Ratio']","['9.78', '9.07', '7.75', '5.13', '4.72', '3.77', '3.64', '4.02', '4.33', '5.04', '–', '–', '–', 'PB Ratio']","['2915.00', '12261.00', '20503.00', '16299.00', '11308.00', '7476.00', '8319.00', '7518.00', '10805.00', '8344.00', '–', '–', '–', 'FCF']","['6700.00', '13005.00', '22452.00', '26643.00', '34100.00', '28362.00', '25602.00', '32616.00', '27671.00', '26409.00', '–', '–', '–', 'Total Debt']","['11745.00', '15819.00', '19113.00', '19363.00', '20501.00', '21534.00', '22650.00', '18221.00', '21064.00', '21209.00', '–', '–', '–', ""Sh' Equity""]","['14.04', '42.28', '41.93', '24.84', '7.27', '8.14', '8.60', '0.19', '9.13', '7.00', '–', '–', '–', 'ROA']","['28.89', '87.80', '103.68', '70.18', '23.22', '25.95', '24.38', '0.60', '31.69', '21.73', '–', '–', '–', 'ROE']","['Gilead Sciences', 'Gilead Sciences', 'Gilead Sciences', 'Gilead Sciences', 'Gilead Sciences', 'Gilead Sciences', 'Gilead Sciences', 'Gilead Sciences', 'Gilead Sciences', 'Gilead Sciences', 'Gilead Sciences', 'Gilead Sciences', 'Gilead Sciences', 'Gilead Sciences']"
57,"['28.35', '59.33', '24.33', '27.08', '57.84', '16.52', '37.69', '57.39', '50.55', '39.49', '32.30', '28.30', '25.20', 'PE Ratio']","['3.14', '4.15', '4.11', '4.68', '5.92', '5.00', '6.13', '7.03', '6.78', '5.60', '5.46', '4.86', '4.43', 'PB Ratio']","['1691.00', '1549.00', '711.00', '1425.00', '961.00', '2038.00', '1542.00', '2790.00', '2738.00', '2036.00', '3352.00', '3628.00', '4407.00', 'FCF']","['2764.00', '3973.00', '3998.00', '6914.00', '7222.00', '9859.00', '11090.00', '13991.00', '12479.00', '13048.00', '–', '–', '–', 'Total Debt']","['9047.00', '8595.00', '8511.00', '9550.00', '9980.00', '11730.00', '12807.00', '13084.00', '14877.00', '16616.00', '–', '–', '–', ""Sh' Equity""]","['6.95', '3.12', '8.59', '8.99', '4.79', '14.38', '7.26', '4.96', '5.78', '6.59', '9.78', '10.70', '11.30', 'ROA']","['11.40', '5.84', '16.82', '18.24', '10.45', '32.73', '16.98', '12.35', '14.26', '14.97', '21.90', '21.70', '21.70', 'ROE']","['Stryker Corporation', 'Stryker Corporation', 'Stryker Corporation', 'Stryker Corporation', 'Stryker Corporation', 'Stryker Corporation', 'Stryker Corporation', 'Stryker Corporation', 'Stryker Corporation', 'Stryker Corporation', 'Stryker Corporation', 'Stryker Corporation', 'Stryker Corporation', 'Stryker Corporation']"
58,"['11.66', '22.36', '9.58', '12.84', '0.00', '7.78', '9.94', '12.19', '5.97', '6.53', '8.95', '7.26', '–', 'PE Ratio']","['0.79', '0.82', '0.75', '0.85', '1.10', '0.73', '1.02', '0.71', '0.67', '0.49', '0.51', '0.47', '–', 'PB Ratio']","['60470.00', '43580.00', '37116.00', '51644.00', '(11758.00)', '33390.00', '(17914.00)', '(24017.00)', '57320.00', '–', '0.00', '–', '–', 'FCF']","['221116.00', '223080.00', '201275.00', '414825.00', '437438.00', '480703.00', '498206.00', '519909.00', '507388.00', '521146.00', '–', '–', '–', 'Total Debt']","['206133.00', '211696.00', '223092.00', '226143.00', '201672.00', '197074.00', '193946.00', '200200.00', '202672.00', '201838.00', '–', '–', '–', ""Sh' Equity""]","['0.72', '0.36', '0.91', '0.77', '(0.44)', '0.89', '0.94', '0.47', '0.91', '0.63', '0.50', '0.56', '–', 'ROA']","['6.94', '3.34', '7.97', '6.60', '(4.13)', '9.24', '10.25', '5.54', '11.39', '8.10', '5.93', '6.77', '–', 'ROE']","['Citigroup', 'Citigroup', 'Citigroup', 'Citigroup', 'Citigroup', 'Citigroup', 'Citigroup', 'Citigroup', 'Citigroup', 'Citigroup', 'Citigroup', 'Citigroup', 'Citigroup', 'Citigroup']"
59,"['–', '31.37', '24.64', '25.37', '34.24', '37.47', '20.43', '18.06', '1475.01', '85.32', '–', '18.70', '17.20', 'PE Ratio']","['–', '8.57', '6.96', '7.38', '7.45', '7.77', '9.30', '14.91', '18.65', '15.92', '–', '22.26', '17.33', 'PB Ratio']","['–', '2216.99', '2782.89', '3029.61', '3764.00', '4374.00', '4896.00', '4497.00', '(201.00)', '2516.00', '–', '4979.00', '6062.00', 'FCF']","['–', '1902.51', '3861.35', '6158.44', '7166.79', '10775.00', '9815.00', '9649.00', '12937.00', '11751.00', '–', '–', '–', 'Total Debt']","['–', '6909.73', '8566.69', '8795.47', '9820.14', '11261.00', '8785.00', '5933.00', '4893.00', '6178.00', '–', '–', '–', ""Sh' Equity""]","['–', '22.25', '19.21', '15.85', '11.46', '10.34', '16.61', '22.07', '0.27', '5.12', '–', '22.30', '25.10', 'ROA']","['–', '35.03', '31.30', '29.39', '22.94', '22.21', '39.89', '66.11', '1.09', '21.05', '–', '152.00', '135.00', 'ROE']","['Booking Holdings (Booking.com)', 'Booking Holdings (Booking.com)', 'Booking Holdings (Booking.com)', 'Booking Holdings (Booking.com)', 'Booking Holdings (Booking.com)', 'Booking Holdings (Booking.com)', 'Booking Holdings (Booking.com)', 'Booking Holdings (Booking.com)', 'Booking Holdings (Booking.com)', 'Booking Holdings (Booking.com)', 'Booking Holdings (Booking.com)', 'Booking Holdings (Booking.com)', 'Booking Holdings (Booking.com)', 'Booking Holdings (Booking.com)']"
60,"['85.05', '24.01', '14.95', '18.52', '17.69', '9.93', '18.78', '15.27', '21.53', '11.79', '–', '–', '–', 'PE Ratio']","['3.03', '3.41', '2.69', '4.46', '6.48', '4.87', '6.19', '5.22', '10.37', '6.31', '–', '–', '–', 'PB Ratio']","['433.00', '1584.00', '948.00', '2313.00', '3444.00', '3165.00', '2806.00', '3382.00', '4774.00', '4612.00', '–', '–', '–', 'FCF']","['1946.00', '1947.00', '4542.00', '3325.00', '5304.00', '5309.00', '5313.00', '5512.00', '5525.00', '5542.00', '–', '–', '–', 'Total Debt']","['7088.00', '7868.00', '7613.00', '7217.00', '9349.00', '6845.00', '8214.00', '10578.00', '12247.00', '12194.00', '–', '–', '–', ""Sh' Equity""]","['2.12', '8.50', '9.67', '11.52', '20.71', '16.40', '14.76', '17.49', '24.44', '24.83', '–', '–', '–', 'ROA']","['3.57', '14.34', '17.79', '23.21', '42.48', '37.52', '35.94', '38.52', '51.59', '53.39', '–', '–', '–', 'ROE']","['Applied Materials', 'Applied Materials', 'Applied Materials', 'Applied Materials', 'Applied Materials', 'Applied Materials', 'Applied Materials', 'Applied Materials', 'Applied Materials', 'Applied Materials', 'Applied Materials', 'Applied Materials', 'Applied Materials', 'Applied Materials']"
61,"['22.61', '24.69', '27.06', '22.97', '43.68', '20.88', '28.98', '35.79', '46.91', '26.86', '0.00', '–', '–', 'PE Ratio']","['3.20', '3.27', '3.72', '3.83', '3.11', '2.75', '3.36', '3.64', '1.83', '2.03', '0.00', '–', '–', 'PB Ratio']","['789.27', '693.69', '753.84', '1163.95', '950.27', '2187.49', '1977.73', '1842.80', '2391.39', '3776.09', '–', '–', '–', 'FCF']","['872.24', '872.79', '869.93', '1732.18', '7851.08', '6332.67', '5491.92', '5185.10', '6769.88', '6602.63', '–', '–', '–', 'Total Debt']","['4739.58', '4757.90', '5072.96', '5165.62', '10161.54', '11268.17', '11709.19', '11997.95', '37992.54', '36465.32', '–', '–', '–', ""Sh' Equity""]","['11.22', '9.51', '10.01', '11.47', '5.53', '7.22', '6.52', '5.70', '3.77', '5.36', '0.00', '–', '–', 'ROA']","['15.13', '13.25', '14.18', '16.83', '10.51', '14.01', '11.86', '10.30', '5.56', '7.38', '5.71', '–', '–', 'ROE']","['Analog Devices', 'Analog Devices', 'Analog Devices', 'Analog Devices', 'Analog Devices', 'Analog Devices', 'Analog Devices', 'Analog Devices', 'Analog Devices', 'Analog Devices', 'Analog Devices', 'Analog Devices', 'Analog Devices', 'Analog Devices']"
62,"['20.95', '22.03', '26.05', '28.09', '26.41', '36.65', '31.51', '25.98', '32.67', '29.88', '27.40', '24.70', '22.50', 'PE Ratio']","['4.75', '5.00', '7.89', '9.37', '11.54', '12.55', '13.40', '11.15', '14.93', '27.27', '16.16', '11.93', '9.25', 'PB Ratio']","['1352.00', '1518.40', '1662.10', '1527.00', '1655.30', '2044.80', '2129.70', '2439.20', '2606.20', '2580.30', '4293.00', '4869.00', '5161.00', 'FCF']","['14.70', '11.50', '9.20', '2007.70', '2002.40', '2002.40', '2264.20', '2004.60', '3103.00', '3220.10', '–', '–', '–', 'Total Debt']","['6189.90', '6670.20', '4808.50', '4481.60', '3977.00', '4735.90', '5399.90', '5752.20', '5670.10', '3225.30', '–', '–', '–', ""Sh' Equity""]","['4.46', '4.71', '4.46', '3.89', '4.42', '4.96', '5.68', '6.09', '5.91', '5.27', '5.52', '6.09', '6.34', 'ROA']","['22.85', '23.58', '25.31', '32.13', '42.27', '43.27', '45.24', '44.23', '45.50', '66.30', '92.20', '84.70', '77.70', 'ROE']","['Automatic Data Processing', 'Automatic Data Processing', 'Automatic Data Processing', 'Automatic Data Processing', 'Automatic Data Processing', 'Automatic Data Processing', 'Automatic Data Processing', 'Automatic Data Processing', 'Automatic Data Processing', 'Automatic Data Processing', 'Automatic Data Processing', 'Automatic Data Processing', 'Automatic Data Processing', 'Automatic Data Processing']"
63,"['57.42', '48.94', '67.80', '52.81', '52.27', '56.90', '53.82', '58.76', '51.32', '33.97', '44.90', '39.40', '–', 'PE Ratio']","['8.78', '9.66', '6.05', '6.47', '8.85', '11.79', '18.51', '21.80', '14.56', '8.06', '18.36', '27.75', '–', 'PB Ratio']","['874.51', '1160.18', '1438.10', '2019.20', '2122.00', '2835.10', '2761.30', '2849.70', '3443.20', '1822.60', '3331.00', '3689.00', '–', 'FCF']","['14478.28', '14540.35', '17119.01', '18533.50', '20205.10', '21159.90', '24055.40', '29287.50', '43254.20', '38670.20', '–', '–', '–', 'Total Debt']","['3590.04', '4053.35', '6712.82', '6976.20', '6828.10', '5899.60', '5490.40', '4568.40', '9069.60', '12408.50', '–', '–', '–', ""Sh' Equity""]","['3.21', '3.86', '2.47', '2.94', '3.59', '3.71', '4.98', '3.76', '4.38', '2.58', '3.08', '3.61', '–', 'ROA']","['15.16', '20.96', '11.05', '12.41', '16.68', '19.28', '33.15', '33.61', '37.66', '16.44', '38.70', '60.80', '–', 'ROE']","['American Tower', 'American Tower', 'American Tower', 'American Tower', 'American Tower', 'American Tower', 'American Tower', 'American Tower', 'American Tower', 'American Tower', 'American Tower', 'American Tower', 'American Tower', 'American Tower']"
64,"['15.36', '12.56', '0.00', '26.14', '0.00', '0.00', '0.00', '14.54', '0.00', '0.00', '10.40', '9.67', '–', 'PE Ratio']","['1.57', '1.39', '2.28', '2.77', '1.60', '0.96', '2.55', '1.99', '1.95', '1.93', '0.00', '0.00', '–', 'PB Ratio']","['24472.00', '23498.00', '14824.00', '(2364.00)', '4988.00', '2124.00', '6615.00', '2041.00', '2138.00', '4641.00', '10.00', '11.00', '–', 'FCF']","['299555.00', '257021.00', '194519.00', '135794.00', '132611.00', '103600.00', '94489.00', '78097.00', '38033.00', '34743.00', '–', '–', '–', 'Total Debt']","['136783.00', '136833.00', '100138.00', '77491.00', '73498.00', '30981.00', '28316.00', '35552.00', '40310.00', '36366.00', '–', '–', '–', ""Sh' Equity""]","['1.95', '2.32', '(1.07)', '1.60', '(2.43)', '(6.62)', '(1.86)', '2.00', '(2.97)', '(0.03)', '0.00', '0.00', '–', 'ROA']","['9.84', '11.13', '(5.19)', '7.71', '(11.82)', '(43.65)', '(18.35)', '16.38', '(17.82)', '(0.17)', '14.00', '14.00', '–', 'ROE']","['General Electric', 'General Electric', 'General Electric', 'General Electric', 'General Electric', 'General Electric', 'General Electric', 'General Electric', 'General Electric', 'General Electric', 'General Electric', 'General Electric', 'General Electric', 'General Electric']"
65,"['15.69', '27.95', '9.94', '42.31', '21.86', '18.03', '20.63', '23.39', '21.60', '33.46', '20.90', '19.10', '18.30', 'PE Ratio']","['1.92', '2.21', '2.58', '2.77', '2.46', '2.29', '2.91', '3.03', '3.28', '3.39', '3.27', '3.19', '3.13', 'PB Ratio']","['4931.00', '1927.00', '2274.00', '1752.00', '1688.00', '3251.00', '3122.00', '3111.00', '3409.00', '3705.00', '3682.00', '4169.00', '4471.00', 'FCF']","['15485.00', '15351.00', '15162.00', '14668.00', '14135.00', '15180.00', '15788.00', '20017.00', '19296.00', '20634.00', '–', '–', '–', 'Total Debt']","['32532.00', '27853.00', '28100.00', '25215.00', '26074.00', '25713.00', '27317.00', '27654.00', '28323.00', '26920.00', '–', '–', '–', ""Sh' Equity""]","['5.29', '3.14', '11.21', '2.63', '4.54', '5.38', '6.18', '5.37', '6.37', '3.93', '6.07', '6.46', '6.93', 'ROA']","['12.06', '7.23', '25.98', '6.13', '11.03', '13.06', '14.82', '12.93', '15.36', '9.84', '15.80', '16.50', '17.60', 'ROE']","['Mondelez', 'Mondelez', 'Mondelez', 'Mondelez', 'Mondelez', 'Mondelez', 'Mondelez', 'Mondelez', 'Mondelez', 'Mondelez', 'Mondelez', 'Mondelez', 'Mondelez', 'Mondelez']"
66,"['19.44', '20.91', '21.62', '21.65', '19.88', '20.38', '22.03', '1067.83', '26.66', '28.52', '17.00', '–', '–', 'PE Ratio']","['9.68', '10.70', '11.29', '10.89', '9.94', '12.23', '11.99', '13.18', '14.39', '16.77', '10.10', '–', '–', 'PB Ratio']","['1653.79', '2096.85', '2067.53', '2602.11', '1968.01', '2963.32', '2843.42', '3993.87', '2012.69', '2627.00', '3691.00', '–', '–', 'FCF']","['1274.22', '1623.86', '1615.00', '2227.60', '2230.61', '2233.62', '3647.63', '6082.60', '4931.84', '3359.00', '–', '–', '–', 'Total Debt']","['4229.89', '4264.23', '4307.07', '4510.60', '5148.31', '5048.61', '5948.21', '5832.68', '6002.99', '6364.00', '–', '–', '–', ""Sh' Equity""]","['21.69', '20.91', '20.26', '18.86', '19.36', '21.56', '17.01', '0.33', '11.08', '12.31', '15.10', '–', '–', 'ROA']","['54.14', '52.16', '53.15', '52.13', '54.00', '60.01', '59.51', '1.54', '55.47', '0.00', '67.60', '–', '–', 'ROE']","['TJX Companies', 'TJX Companies', 'TJX Companies', 'TJX Companies', 'TJX Companies', 'TJX Companies', 'TJX Companies', 'TJX Companies', 'TJX Companies', 'TJX Companies', 'TJX Companies', 'TJX Companies', 'TJX Companies', 'TJX Companies']"
67,"['16.82', '13.16', '18.20', '18.85', '23.20', '17.75', '15.23', '9.01', '14.59', '15.04', '15.30', '13.00', '–', 'PE Ratio']","['2.31', '2.52', '3.11', '2.52', '3.71', '1.14', '1.70', '1.51', '1.65', '2.18', '1.92', '1.65', '–', 'PB Ratio']","['192.00', '1685.00', '2423.00', '3565.00', '3615.00', '3242.00', '8435.00', '9256.00', '6037.00', '8656.00', '8133.00', '9948.00', '–', 'FCF']","['5247.00', '5126.00', '5169.00', '5032.00', '5439.00', '42478.00', '37872.00', '33562.00', '34265.00', '31093.00', '–', '–', '–', 'Total Debt']","['10581.00', '10789.00', '12044.00', '13727.00', '13711.00', '41028.00', '45338.00', '50321.00', '47112.00', '44872.00', '–', '–', '–', ""Sh' Equity""]","['2.73', '3.81', '3.71', '3.21', '3.69', '2.51', '3.41', '5.60', '3.56', '4.52', '4.68', '4.92', '–', 'ROA']","['14.51', '19.67', '18.34', '14.49', '16.31', '9.63', '11.82', '17.68', '11.01', '14.50', '16.30', '17.00', '–', 'ROE']","['Cigna', 'Cigna', 'Cigna', 'Cigna', 'Cigna', 'Cigna', 'Cigna', 'Cigna', 'Cigna', 'Cigna', 'Cigna', 'Cigna', 'Cigna', 'Cigna']"
68,"['25.45', '23.88', '30.09', '30.24', '28.23', '47.42', '37.19', '99.31', '40.26', '38.88', '28.00', '24.90', '–', 'PE Ratio']","['7.86', '7.41', '8.99', '9.39', '8.00', '11.15', '15.02', '17.17', '18.95', '16.31', '0.00', '0.00', '–', 'PB Ratio']","['765.30', '1025.00', '1470.00', '1264.00', '1298.00', '1933.00', '1775.00', '1657.00', '2994.00', '1999.00', '3579.79', '4046.81', '–', 'FCF']","['1344.30', '1343.10', '1624.90', '2242.00', '3572.00', '3544.00', '3412.00', '6136.00', '5569.00', '5412.00', '–', '–', '–', 'Total Debt']","['3301.90', '3869.40', '3654.30', '3587.00', '4402.00', '4710.00', '4411.00', '3962.00', '6091.00', '5590.00', '–', '–', '–', ""Sh' Equity""]","['14.85', '16.04', '13.53', '12.78', '12.01', '9.18', '13.88', '4.42', '14.44', '11.15', '4.70', '5.10', '–', 'ROA']","['33.72', '33.58', '28.95', '30.80', '31.27', '24.32', '39.14', '16.34', '57.10', '40.92', '7.91', '8.73', '–', 'ROE']","['Estee Lauder', 'Estee Lauder', 'Estee Lauder', 'Estee Lauder', 'Estee Lauder', 'Estee Lauder', 'Estee Lauder', 'Estee Lauder', 'Estee Lauder', 'Estee Lauder', 'Estee Lauder', 'Estee Lauder', 'Estee Lauder', 'Estee Lauder']"
69,"['0.00', '0.00', '0.00', '0.00', '0.00', '0.00', '85.04', '887.79', '554.79', '239.44', '191.00', '130.00', '71.60', 'PE Ratio']","['19.24', '23.01', '23.78', '32.17', '28.96', '28.50', '24.74', '37.50', '34.80', '15.43', '12.56', '9.27', '6.56', 'PB Ratio']","['26.43', '86.56', '228.52', '34.77', '485.76', '562.23', '898.00', '1354.00', '1792.00', '2173.00', '2673.00', '3408.00', '4159.00', 'FCF']","['414.78', '443.44', '474.53', '507.81', '1173.44', '661.71', '747.98', '1712.00', '1576.00', '1582.00', '–', '–', '–', 'Total Debt']","['394.26', '428.68', '566.81', '386.96', '778.74', '1111.20', '2127.94', '2834.00', '3695.00', '5032.00', '–', '–', '–', ""Sh' Equity""]","['(8.95)', '(13.84)', '(12.28)', '(21.57)', '(4.19)', '(0.72)', '12.66', '1.61', '2.36', '2.70', '12.50', '12.00', '13.00', 'ROA']","['(23.12)', '(43.60)', '(39.87)', '(86.87)', '(20.05)', '(2.83)', '38.71', '4.80', '7.05', '7.45', '31.40', '26.80', '26.40', 'ROE']","['ServiceNow', 'ServiceNow', 'ServiceNow', 'ServiceNow', 'ServiceNow', 'ServiceNow', 'ServiceNow', 'ServiceNow', 'ServiceNow', 'ServiceNow', 'ServiceNow', 'ServiceNow', 'ServiceNow', 'ServiceNow']"
70,"['16.99', '19.17', '21.72', '9.28', '13.30', '13.38', '0.00', '17.15', '35.63', '14.27', '9.39', '8.94', '–', 'PE Ratio']","['18.64', '32.38', '39.73', '10.34', '8.84', '6.30', '14.76', '26.04', '0.00', '0.00', '(27.30)', '(32.99)', '–', 'PB Ratio']","['4244.00', '4500.00', '5614.00', '3637.00', '4702.00', '8153.00', '7591.00', '8154.00', '8236.00', '–', '8444.00', '8248.00', '–', 'FCF']","['14517.00', '14693.00', '12847.00', '13881.00', '13894.00', '25746.00', '28042.00', '29471.00', '28044.00', '26680.00', '–', '–', '–', 'Total Debt']","['4118.00', '3010.00', '2873.00', '12773.00', '15380.00', '14789.00', '6319.00', '2925.00', '(1606.00)', '(3973.00)', '–', '–', '–', ""Sh' Equity""]","['12.92', '14.59', '15.87', '36.74', '22.90', '14.10', '(2.48)', '9.22', '5.67', '15.07', '25.00', '25.60', '–', 'ROA']","['124.45', '141.92', '177.83', '181.71', '72.52', '46.11', '(12.32)', '96.47', '373.62', '(206.63)', '0.00', '0.00', '–', 'ROE']","['Altria Group', 'Altria Group', 'Altria Group', 'Altria Group', 'Altria Group', 'Altria Group', 'Altria Group', 'Altria Group', 'Altria Group', 'Altria Group', 'Altria Group', 'Altria Group', 'Altria Group', 'Altria Group']"
71,"['41.72', '41.72', '35.84', '34.70', '49.23', '48.33', '51.76', '65.42', '52.97', '35.35', '22.40', '18.50', '15.60', 'PE Ratio']","['3.51', '3.51', '3.22', '3.31', '5.55', '6.47', '7.50', '13.69', '10.19', '4.25', '3.74', '3.19', '2.52', 'PB Ratio']","['1602.00', '1728.00', '1850.00', '2489.00', '1864.00', '4660.00', '3384.00', '5473.00', '4894.00', '5112.00', '6209.00', '7164.00', '8573.00', 'FCF']","['–', '–', '–', '–', '1000.00', '1998.00', '5069.00', '9083.00', '9190.00', '10986.00', '–', '–', '–', 'Total Debt']","['7390.00', '8248.00', '13759.00', '14712.00', '15994.00', '15386.00', '16929.00', '20063.00', '21727.00', '20274.00', '–', '–', '–', ""Sh' Equity""]","['9.97', '2.04', '4.83', '4.52', '4.86', '4.89', '5.20', '6.90', '5.70', '3.13', '6.29', '6.79', '7.60', 'ROA']","['12.21', '5.36', '11.16', '9.84', '11.69', '13.11', '15.22', '22.72', '19.95', '11.52', '24.80', '24.50', '23.80', 'ROE']","['PayPal', 'PayPal', 'PayPal', 'PayPal', 'PayPal', 'PayPal', 'PayPal', 'PayPal', 'PayPal', 'PayPal', 'PayPal', 'PayPal', 'PayPal', 'PayPal']"
72,"['13.98', '12.50', '14.79', '20.07', '20.35', '13.56', '10.72', '10.19', '18.04', '91.01', '14.90', '–', '–', 'PE Ratio']","['2.64', '2.30', '2.55', '2.60', '3.46', '3.40', '3.21', '3.50', '3.38', '5.33', '2.25', '–', '–', 'PB Ratio']","['1763.20', '1623.40', '2172.80', '2523.90', '3616.40', '6028.20', '5951.40', '6704.00', '7584.40', '–', '0.00', '–', '–', 'FCF']","['1860.90', '2164.70', '2707.90', '3148.20', '3306.30', '4404.90', '4407.10', '5396.10', '4898.80', '6388.30', '–', '–', '–', 'Total Debt']","['6189.50', '6928.60', '7289.40', '7957.10', '9284.80', '10821.80', '13673.20', '17038.60', '18231.60', '15891.00', '–', '–', '–', ""Sh' Equity""]","['4.95', '5.10', '4.56', '3.26', '4.41', '6.08', '7.77', '9.54', '4.92', '0.95', '0.00', '–', '–', 'ROA']","['19.11', '19.53', '17.83', '13.52', '18.47', '26.45', '33.55', '38.20', '19.39', '0.00', '16.20', '–', '–', 'ROE']","['Progressive', 'Progressive', 'Progressive', 'Progressive', 'Progressive', 'Progressive', 'Progressive', 'Progressive', 'Progressive', 'Progressive', 'Progressive', 'Progressive', 'Progressive', 'Progressive']"
73,"['22.46', '46.24', '34.43', '33.51', '63.45', '48.23', '49.43', '90.30', '75.06', '71.41', '57.50', '47.80', '39.80', 'PE Ratio']","['4.30', '5.78', '4.69', '4.25', '8.77', '8.14', '8.23', '9.81', '10.71', '8.50', '5.70', '4.77', '4.14', 'PB Ratio']","['775.40', '559.50', '725.20', '1033.10', '953.20', '982.20', '1172.60', '1143.30', '1749.90', '958.40', '1864.00', '2223.00', '2652.00', 'FCF']","['–', '–', '–', '–', '–', '–', '77.00', '80.00', '87.00', '94.00', '–', '–', '–', 'Total Debt']","['3501.40', '3379.40', '4319.50', '5777.80', '4780.40', '6687.50', '8284.70', '9759.10', '11951.50', '11112.60', '–', '–', '–', ""Sh' Equity""]","['16.76', '10.59', '13.28', '12.96', '10.94', '16.56', '15.69', '10.15', '13.79', '9.97', '12.80', '13.40', '13.60', 'ROA']","['18.95', '12.17', '15.30', '14.62', '12.71', '19.67', '18.42', '11.76', '15.70', '11.47', '14.40', '14.80', '15.50', 'ROE']","['Intuitive Surgical', 'Intuitive Surgical', 'Intuitive Surgical', 'Intuitive Surgical', 'Intuitive Surgical', 'Intuitive Surgical', 'Intuitive Surgical', 'Intuitive Surgical', 'Intuitive Surgical', 'Intuitive Surgical', 'Intuitive Surgical', 'Intuitive Surgical', 'Intuitive Surgical', 'Intuitive Surgical']"
74,"['–', '–', '–', '–', '0.00', '0.00', '0.00', '0.00', '0.00', '28.68', '37.10', '31.70', '25.70', 'PE Ratio']","['–', '–', '–', '–', '0.00', '0.00', '0.00', '17.49', '21.48', '9.73', '9.84', '7.54', '5.92', 'PB Ratio']","['–', '–', '–', '–', '151.02', '504.93', '97.28', '(777.00)', '2288.00', '3405.00', '3560.00', '3900.00', '4705.00', 'FCF']","['–', '–', '–', '–', '–', '3232.00', '3651.00', '1882.56', '2046.00', '2046.00', '–', '–', '–', 'Total Debt']","['–', '–', '–', '–', '0.00', '(517.31)', '(807.68)', '2901.78', '4775.00', '5560.00', '–', '–', '–', ""Sh' Equity""]","['–', '–', '–', '–', '(2.12)', '(0.51)', '(9.04)', '(48.77)', '(2.91)', '12.73', '13.20', '13.80', '13.60', 'ROA']","['–', '–', '–', '–', '0.00', '2.54', '101.79', '(437.90)', '(9.17)', '36.63', '36.60', '30.10', '26.70', 'ROE']","['Airbnb', 'Airbnb', 'Airbnb', 'Airbnb', 'Airbnb', 'Airbnb', 'Airbnb', 'Airbnb', 'Airbnb', 'Airbnb', 'Airbnb', 'Airbnb', 'Airbnb', 'Airbnb']"
75,"['32.37', '37.09', '70.47', '32.48', '40.78', '29.00', '42.15', '48.11', '56.75', '33.38', '35.40', '30.30', '–', 'PE Ratio']","['16.99', '16.13', '21.95', '17.72', '19.69', '18.91', '23.37', '20.86', '25.47', '15.64', '11.78', '9.32', '–', 'PB Ratio']","['506.00', '440.00', '442.00', '587.00', '1159.00', '1508.00', '1356.00', '1694.00', '1738.00', '1327.00', '2648.00', '2970.00', '–', 'FCF']","['3657.00', '3631.00', '4868.00', '4468.00', '4953.00', '6452.00', '6447.00', '7199.00', '6633.00', '7904.00', '–', '–', '–', 'Total Debt']","['962.00', '1337.00', '1091.00', '1499.00', '1786.00', '2185.00', '2708.00', '3773.00', '4544.00', '4403.00', '–', '–', '–', ""Sh' Equity""]","['7.86', '8.87', '4.68', '10.55', '10.64', '14.75', '13.44', '13.02', '14.81', '14.67', '17.30', '18.70', '–', 'ROA']","['20.15', '50.72', '27.92', '63.40', '52.60', '71.92', '61.31', '50.55', '48.98', '47.26', '41.20', '36.50', '–', 'ROE']","['Zoetis', 'Zoetis', 'Zoetis', 'Zoetis', 'Zoetis', 'Zoetis', 'Zoetis', 'Zoetis', 'Zoetis', 'Zoetis', 'Zoetis', 'Zoetis', 'Zoetis', 'Zoetis']"
76,"['18.35', '31.41', '17.67', '24.83', '19.09', '23.01', '17.99', '52.92', '21.19', '31.14', '17.10', '16.00', '–', 'PE Ratio']","['1.18', '1.44', '1.25', '1.31', '1.40', '1.39', '1.45', '1.43', '1.64', '1.60', '1.44', '1.45', '–', 'PB Ratio']","['856.00', '1202.00', '(66.00)', '(1038.00)', '(1428.00)', '(2203.00)', '(2913.00)', '(1051.00)', '(1425.00)', '5927.00', '(2431.00)', '(1495.00)', '–', 'FCF']","['40256.00', '39868.00', '38868.00', '47895.00', '52279.00', '54529.00', '58126.00', '59863.00', '63835.00', '71215.00', '–', '–', '–', 'Total Debt']","['41408.00', '40899.00', '39771.00', '41041.00', '41737.00', '43834.00', '47951.00', '49184.00', '51136.00', '51986.00', '–', '–', '–', ""Sh' Equity""]","['2.33', '1.60', '2.33', '1.70', '2.26', '1.88', '2.44', '0.79', '2.29', '1.47', '2.50', '2.58', '–', 'ROA']","['6.47', '4.58', '6.98', '5.33', '7.39', '6.23', '8.25', '2.73', '7.89', '5.17', '8.82', '9.26', '–', 'ROE']","['Duke Energy', 'Duke Energy', 'Duke Energy', 'Duke Energy', 'Duke Energy', 'Duke Energy', 'Duke Energy', 'Duke Energy', 'Duke Energy', 'Duke Energy', 'Duke Energy', 'Duke Energy', 'Duke Energy', 'Duke Energy']"
